6843;TENDA TROPICAL      ;401;SEG/;TRAD;0;0;0;0;0;;;;;
20182;LANCHERIA ACCO      ;401;SEG/;ROTA;2;0;0;2;1;;;;;
7215;LC MERCADO          ;401;SEG/;TRAD;0;0;0;0;0;;;;;
4982;BAR E LANCHERIA IZA ;401;SEG/;ROTA;0;0;0;0;0;;;;;
7199;LANCHERIA DAS GURIAS;401;SEG/;ROTA;0;0;0;0;0;;;;;
20084;RONALDO PAN         ;401;SEG/;TRAD;0;0;0;0;0;;;;;
2501;HOTEL VILLAGIO      ;401;SEG/;ROTA;0;0;0;0;0;;;;;
6602;GRAOS DE TRIGO      ;401;SEG/;ROTA;0;0;0;0;0;;;;;
5070;CARNES FARINA       ;401;SEG/;ASR;0;0;0;0;0;;;;;
7221;BERGAS BAR          ;401;SEG/;ROTA;0;0;0;0;0;;;;;
4791;SACOLAO             ;401;SEG/;TRAD;0;0;0;0;0;;;;;
6653;MERCEARIA SG        ;401;SEG/;TRAD;0;0;0;0;0;;;;;
7148;KANPAI SUSHI BAR    ;401;SEG/;ROTA;0;0;0;0;0;;;;;
5044;BOTECO DA NANDA     ;401;SEG/;ROTA;0;2;0;2;1;;;;;
4983;BAR DO PIZZI        ;401;SEG/;ROTA;0;0;0;0;0;;;;;
20181;MERCADO DONADELLO   ;401;SEG/;ASR;0;0;0;0;0;;;;;
90077;FIRE COMERCIO       ;401;SEG/;SUB;0;0;0;0;0;;;;;
6444;JOSE PEDRO MIGLIORET;401;SEG/;ROTA;0;0;0;0;0;;;;;
20111;MINI DEMATINI       ;401;SEG/;ROTA;2;0;0;2;1;;;;;
20141;LANCHERIA PEGORARO  ;401;SEG/;ROTA;0;0;0;0;0;;;;;
4782;REST.SABOR DE BIFE  ;401;SEG/;ROTA;0;0;0;0;0;;;;;
3272;CATARINA            ;401;SEG/;ROTA;0;0;0;0;0;;;;;
4036;MERCADO REBOLO      ;401;SEG/;TRAD;0;0;0;0;0;;;;;
6951;SENINHA LANCHES     ;401;SEG/;ROTA;0;0;0;0;0;;;;;
6748;CLUB.SAO CRISTOVAO  ;401;SEG/;ROTA;0;0;0;0;0;;;;;
6868;ACOUGUE SAO CRISTOVA;401;SEG/;TRAD;0;0;0;0;0;;;;;
6647;BAR ENCONTRO DOS AMI;401;SEG/;ROTA;0;0;0;0;0;;;;;
6265;BAR PIGOZZO         ;401;SEG/;ROTA;0;0;0;0;0;;;;;
6023;CANTINHO DO PAO     ;401;SEG/;TRAD;0;0;0;0;0;;;;;
6866;PADEL               ;401;TER/;ROTA;0;0;0;0;0;;;;;
3058;SORVETES PE DE PANO ;401;TER/;ROTA;0;0;0;0;0;;;;;
5883;PEPERS PUB 1        ;401;TER/;ROTA;0;0;0;0;0;;;;;
6183;CLINICA LOURDES     ;401;TER/;ROTA;0;0;0;0;0;;;;;
4310;SABOR DA JULIO      ;401;TER/;ROTA;0;0;0;0;0;;;;;
20115;ARMAZEM PERTILE     ;401;TER/;TRAD;0;0;0;0;0;;;;;
7184;DOCE PANDA          ;401;TER/;ROTA;0;0;0;0;0;;;;;
7097;EFEITTO MODA CAF    ;401;TER/;ROTA;0;0;0;0;0;;;;;
6301;LANCHERIA OK        ;401;TER/;ROTA;0;0;0;0;0;;;;;
5539;LIDIA DITADI FRUTEIR;401;TER/;TRAD;0;0;0;0;0;;;;;
5798;ANDERSON OMIZZOLLO  ;401;TER/;ROTA;0;0;0;0;0;;;;;
5102;FRUTEIRA VERANENSE  ;401;TER/;TRAD;0;0;0;0;0;;;;;
4967;AIKO SUSHI          ;401;TER/;ROTA;0;0;0;0;0;;;;;
4754;MW COM. DE CARNES   ;401;TER/;TRAD;0;0;0;0;0;;;;;
4828;SACOLAO CENTRAL     ;401;TER/;TRAD;0;0;0;0;0;;;;;
6259;EMPORIO BELLA CITTA ;401;TER/;TRAD;0;0;0;0;0;;;;;
4758;PIAZZA XV           ;401;TER/;ROTA;0;2;0;2;1;;;;;
20333;REST. DOM VITAL     ;401;TER/;ROTA;0;0;0;0;0;;;;;
6777;POMODORO PIZZARIA DE;401;TER/;ROTA;0;0;0;0;0;;;;;
5944;KIKE LANCHES        ;401;TER/;ROTA;0;0;0;0;0;;;;;
4756;BAR DO SASSI        ;401;TER/;TRAD;0;0;0;0;0;;;;;
6507;MINI MER. POR DO SOL;401;TER/;TRAD;0;0;0;0;0;;;;;
5280;BAR MARIEL          ;401;TER/;ROTA;0;0;0;0;0;;;;;
5751;JOAO MARIA DOS SANTO;401;TER/;ROTA;0;0;0;0;0;;;;;
5873;CHEGA MAIS LANCHES  ;401;TER/;ROTA;0;0;0;0;0;;;;;
4760;GUINHO MINI MERCADO ;401;TER/;TRAD;0;0;0;0;0;;;;;
6634;PADARIA DAMALU      ;401;TER/;ROTA;0;0;0;0;0;;;;;
6072;BAR DO ANDRE  1     ;401;TER/;ROTA;0;0;0;0;0;;;;;
5987;BAR DO ANDRE 2      ;401;TER/;ROTA;0;0;0;0;0;;;;;
20044;PADARIA AVENIDA     ;401;TER/;ROTA;0;0;0;0;0;;;;;
6836;PALADARE PIZZARIA   ;401;TER/;ROTA;0;2;0;2;1;;;;;
25028;RGC LANCHES         ;401;TER/;ROTA;0;0;0;0;0;;;;;
6038;BUTECO CAFE         ;401;TER/;ROTA;0;0;0;0;0;;;;;
6966;HOPE HYPE           ;401;TER/;ROTA;0;0;0;0;0;;;;;
20164;ATTOLINI LANCHES    ;401;TER/;ROTA;0;0;0;0;0;;;;;
7172;FRUTEIRA ARCO SUL   ;401;TER/;ROTA;0;0;0;0;0;;;;;
6097;LANCHEIRA ARCO SUL  ;401;TER/;ROTA;0;0;0;0;0;;;;;
7231;FONSECA BAR         ;401;TER/;ROTA;0;0;0;0;0;;;;;
6740;BISSANIS BAR LANCHER;401;QUA/;ROTA;0;0;0;0;0;;;;;
6665;MACHADO LAVAGEM     ;401;QUA/;ROTA;0;0;0;0;0;;;;;
3467;ABAST SIVIEIRO      ;401;QUA/;LC;0;0;0;0;0;;;;;
20257;ABASTECEDORA MARIN  ;401;QUA/;LC;2;0;0;2;1;;;;;
20304;ROSA MORO ARMAZEM   ;401;QUA/;TRAD;0;0;0;0;0;;;;;
5592;BAR AVENIDA         ;401;QUA/;ROTA;0;0;0;0;0;;;;;
1594;MERCADO POR DO SOL  ;401;QUA/;ASR;0;0;0;0;0;;;;;
20258;NERI MARIN ZANETTE  ;401;QUA/;TRAD;0;0;0;0;0;;;;;
5913;HYPE WEAR           ;401;QUA/;ROTA;0;0;0;0;0;;;;;
6965;MAMA KILLA          ;401;QUA/;SUB;0;0;0;0;0;;;;;
6956;EC IPIRINGA         ;401;QUA/;ROTA;0;0;0;0;0;;;;;
6537;LOTERICA COTIPORA   ;401;QUA/;ROTA;0;0;0;0;0;;;;;
6454;CIRCULO OPERARIO    ;401;QUA/;ROTA;0;0;0;0;0;;;;;
4365;BAR MIGUI           ;401;QUA/;ROTA;0;0;0;0;0;;;;;
2842;SUPER. MONTE VENETO ;401;QUA/;ASR;0;0;0;0;0;;;;;
4547;BAR LIRA            ;401;QUA/;ROTA;0;0;0;0;0;;;;;
6651;BAR E LANCHERIA N B ;401;QUA/;ROTA;0;0;0;0;0;;;;;
4808;VERANAPOLIS TEXAS PU;401;QUA/;ROTA;0;0;0;0;0;;;;;
6753;BAR DE VILLA        ;401;QUA/;ROTA;0;0;0;0;0;;;;;
4540;BAR DA BICA         ;401;QUA/;ROTA;0;0;0;0;0;;;;;
4677;BAR MAZZUCO         ;401;QUA/;ROTA;0;0;0;0;0;;;;;
7029;MeA COMMERCIALE 2   ;401;QUA/;ASR;0;0;0;0;0;;;;;
4687;DRINKS BAR          ;401;QUA/;ROTA;0;0;0;0;0;;;;;
6672;LA BODEGA           ;401;QUA/;ROTA;0;0;0;0;0;;;;;
5490;NEUS BAR            ;401;QUA/;ROTA;0;0;0;0;0;;;;;
6750;CARNES BONADUZ      ;401;QUA/;TRAD;0;0;0;0;0;;;;;
3717;M&A COMMERCIALE     ;401;QUA/;ASR;0;0;0;0;0;;;;;
5635;LA PRECIATTA        ;401;QUA/;TRAD;0;0;0;0;0;;;;;
20256;SUPER DE CARLI      ;401;QUA/;ASR;0;0;0;0;0;;;;;
3845;SUPER DE CARLI 2    ;401;QUA/;ASR;0;0;0;0;0;;;;;
4838;BAR BATISTELLO      ;401;QUA/;ROTA;0;0;0;0;0;;;;;
20324;DISTRIB. FAGUNDENSE ;401;QUA/;SUB;0;0;0;0;0;;;;;
6961;DZ SOM E LUZ        ;401;QUA/;ROTA;0;0;0;0;0;;;;;
20248;POSTO BARAO         ;401;QUA/;LC;0;0;0;0;0;;;;;
6759;ROBSON MATEUS MOLOSS;401;QUA/;ROTA;0;0;0;0;0;;;;;
4780;AÇOUGUE FANTON      ;401;QUI/;TRAD;0;0;0;0;0;;;;;
4545;BAR DO PARAIBA      ;401;QUI/;ROTA;0;0;0;0;0;;;;;
5447;CASARÃO COLONIAL    ;401;QUI/;TRAD;0;0;0;0;0;;;;;
5942;TAGLIARI SUSHIMAN   ;401;QUI/;ROTA;0;0;0;0;0;;;;;
3846;BAR OMIZZOLLO       ;401;QUI/;ROTA;0;0;0;0;0;;;;;
2535;BAR E LANCH PEPITO  ;401;QUI/;ROTA;0;0;0;0;0;;;;;
5010;MASSAS CARLA        ;401;QUI/;TRAD;0;0;0;0;0;;;;;
4971;STRIKE BOWLING      ;401;QUI/;ROTA;0;0;0;0;0;;;;;
6229;SODEXO BORRACH VIPAL;401;QUI/;ROTA;0;0;0;0;0;;;;;
4784;CHICO BARES         ;401;QUI/;ROTA;0;0;0;0;0;;;;;
4786;BAR ULDERICO MINOZZO;401;QUI/;ROTA;0;0;0;0;0;;;;;
3251;MINIMERCADO BALINHA ;401;QUI/;TRAD;0;0;0;0;0;;;;;
6349;BAR DO LAIRTO       ;401;QUI/;ROTA;0;0;0;0;0;;;;;
5085;BAR LORENSET        ;401;QUI/;ROTA;0;0;0;0;0;;;;;
2271;SOCIETY DAS AGUA    ;401;QUI/;ROTA;0;0;0;0;0;;;;;
20132;POPS BAR            ;401;QUI/;ROTA;0;0;0;0;0;;;;;
3175;MERCADO PERETTI     ;401;QUI/;TRAD;0;0;0;0;0;;;;;
4804;ORIGINALLE CASA DE M;401;QUI/;TRAD;0;0;0;0;0;;;;;
4807;MARIA J CIOTTA      ;401;QUI/;ROTA;0;0;0;0;0;;;;;
4818;BAR E ARMAZEM DUTRA ;401;QUI/;TRAD;0;0;0;0;0;;;;;
90061;RMP COMERCIO DE CARN;401;QUI/;TRAD;0;0;0;0;0;;;;;
6189;ACOUG.MER.VAZZOLER  ;401;QUI/;TRAD;0;0;0;0;0;;;;;
20134;BAR BAIXINHO        ;401;QUI/;ROTA;0;8;0;8;1;;;;;
20094;NEVIR LANCHERIA     ;401;QUI/;ROTA;0;0;0;0;0;;;;;
4192;XIS DO GRINGO       ;401;QUI/;ROTA;0;0;0;0;0;;;;;
20093;BAR E ARMAZEM PAN   ;401;QUI/;TRAD;0;0;0;0;0;;;;;
6388;BAR ARM.DO ALEGRETE ;401;SEX/;ROTA;0;0;0;0;0;;;;;
4806;CEN DO LANCHES      ;401;SEX/;ROTA;0;0;0;0;0;;;;;
4836;BAR PADILHA         ;401;SEX/;ROTA;0;0;0;0;0;;;;;
4795;BAR DO GODINHO      ;401;SEX/;ROTA;0;0;0;0;0;;;;;
6218;BAR DO ZANATTO      ;401;SEX/;ROTA;0;0;0;0;0;;;;;
6221;CLARICE RODRIGUES   ;401;SEX/;ROTA;0;0;0;0;0;;;;;
6523;BEBIDAS FERREIRA    ;401;SEX/;SUB;0;0;0;0;0;;;;;
4721;BAR CREMONINI       ;401;SEX/;TRAD;0;0;0;0;0;;;;;
5499;JM BAR E LANCHERIA  ;401;SEX/;ROTA;0;0;0;0;0;;;;;
6616;DONA CANDIDA        ;401;SEX/;ROTA;0;0;0;0;0;;;;;
4794;RABS LANCHES        ;401;SEX/;ROTA;0;0;0;0;0;;;;;
6117;BEAN                ;401;SEX/;ROTA;0;2;0;2;1;;;;;
5902;PASQUALON           ;401;SEX/;ROTA;0;0;0;0;0;;;;;
6203;V8 CLASSIC BAR      ;401;SEX/;ROTA;0;0;0;0;0;;;;;
6837;JOSE NERCI DA LUZ   ;401;SEX/;ROTA;0;0;0;0;0;;;;;
4762;BAR E LANC.24 DE MAI;401;SEX/;ROTA;2;0;0;2;1;;;;;
25016;PADARIA VERANENSE   ;401;SEX/;TRAD;0;0;0;0;0;;;;;
6360;JARL JULIO          ;401;SEX/;LC;0;0;0;0;0;;;;;
7165;MEIYO SUSHI         ;401;SEX/;ROTA;0;0;0;0;0;;;;;
3309;RESTAURANTE PERGHER ;401;SEX/;ROTA;0;0;0;0;0;;;;;
1700;SOC FAVRETTO ANDRES ;401;SEX/;ROTA;0;0;0;0;0;;;;;
6333;CATARINA RESTAURANTE;401;SEX/;ROTA;0;0;0;0;0;;;;;
4651;PEPPERS PUB         ;401;SEX/;ROTA;0;0;0;0;0;;;;;
20099;ARMAZEM DALAGNOL    ;401;SEX/;TRAD;0;0;0;0;0;;;;;
4738;PAD E CONF PEDRON   ;401;SEX/;TRAD;0;0;0;0;0;;;;;
6780;BARBEARIA SCHIMITZ  ;401;SEX/;ROTA;0;0;0;0;0;;;;;
6588;EL PUNTO ASSADOS ESP;401;SEX/;ROTA;0;0;0;0;0;;;;;
5291;L AMATO CAFE        ;401;SEX/;ROTA;0;0;0;0;0;;;;;
20129;BAR GUERRA          ;401;SEX/;ROTA;0;0;0;0;0;;;;;
6671;MS BEBIDAS          ;401;SEX/;ROTA;0;2;0;2;1;;;;;
6417;MAURICIO SALVETTI   ;401;SEX/;ROTA;0;0;0;0;0;;;;;
6713;DOUGLAS FERNANDO    ;401;SEX/;ROTA;0;0;0;0;0;;;;;
6968;SACOLAO DAS FRUTAS 2;402;SEG/;TRAD;0;0;0;0;0;;;;;
20149;LANCHERIA BRANDALISE;402;SEG/;ROTA;0;0;0;0;0;;;;;
6152;SEVERO GASTROBAR    ;402;SEG/;ROTA;0;0;0;0;0;;;;;
20006;RESTAURANTE PARADISO;402;SEG/;ROTA;0;0;0;0;0;;;;;
4768;SABOR CAFE          ;402;SEG/;ROTA;0;0;0;0;0;;;;;
20031;REST. CENTRO EMPRES.;402;SEG/;ROTA;0;0;0;0;0;;;;;
20159;PADARIA STO. ANTONIO;402;SEG/;TRAD;0;0;0;0;0;;;;;
5691;BELLA PRATA         ;402;SEG/;TRAD;0;0;0;0;0;;;;;
6927;DONA CANDIDA        ;402;SEG/;ROTA;0;0;0;0;0;;;;;
6501;TABACARIA N° 1      ;402;SEG/;ROTA;0;0;0;0;0;;;;;
6526;BAH PIZZARIA ARTESAN;402;SEG/;ROTA;0;0;0;0;0;;;;;
20162;DAVI A. DE CARLI    ;402;SEG/;ROTA;0;0;0;0;0;;;;;
4820;CAFE JOE            ;402;SEG/;LC;0;0;0;0;0;;;;;
5799;LANCHES SENAI       ;402;SEG/;ROTA;0;0;0;0;0;;;;;
5212;SEJA DOCE CAFE E SOR;402;SEG/;ROTA;0;0;0;0;0;;;;;
6016;BEER SHOP           ;402;SEG/;TRAD;0;0;0;0;0;;;;;
4333;LANCHES LEZIA       ;402;SEG/;ROTA;0;0;0;0;0;;;;;
6384;ERZILA MARIA COSER B;402;SEG/;ROTA;0;2;0;2;1;;;;;
5585;COROADOS HOTEL      ;402;SEG/;ROTA;0;0;0;0;0;;;;;
20030;GRAN D'S BAR        ;402;SEG/;ROTA;0;0;0;0;0;;;;;
5189;ACOUGUE BAVARESCO   ;402;SEG/;ROTA;0;0;0;0;0;;;;;
6778;THE PUB             ;402;SEG/;ROTA;0;0;0;0;0;;;;;
20008;PADARIA ZANOTTO     ;402;SEG/;TRAD;0;0;0;0;0;;;;;
3610;ARNALDO BAR         ;402;SEG/;ROTA;0;0;0;0;0;;;;;
5349;LANCHERIA MURALHA   ;402;SEG/;ROTA;0;0;0;0;0;;;;;
4389;DE NARDI AÇOUGUE MER;402;SEG/;TRAD;0;0;0;0;0;;;;;
20220;FRUTEIRA CARBONERA  ;402;SEG/;TRAD;0;0;0;0;0;;;;;
5966;CASA VELHA LANCHES E;402;SEG/;ROTA;0;0;0;0;0;;;;;
7076;BARBEARIA XAVIER    ;402;SEG/;ROTA;0;0;0;0;0;;;;;
6272;LANCHES MEDIANEIRA  ;402;TER/;ROTA;0;0;0;0;0;;;;;
7226;QUEXIS              ;402;TER/;ROTA;0;0;0;0;0;;;;;
6304;LANCHERIA TOPLANCHES;402;TER/;ROTA;0;0;0;0;0;;;;;
5706;QUITUTES DA LISI    ;402;TER/;TRAD;0;0;0;0;0;;;;;
6510;PLUG SOM            ;402;TER/;ROTA;0;0;0;0;0;;;;;
5489;EBBA DELIVERY       ;402;TER/;ROTA;0;0;0;0;0;;;;;
2631;AÇOUGUE MARIN       ;402;TER/;TRAD;0;0;0;0;0;;;;;
6120;BAR E LANCH.DO BETO ;402;TER/;ROTA;0;0;0;0;0;;;;;
4740;BAR AVENIDA         ;402;TER/;ROTA;0;0;0;0;0;;;;;
5858;BALDIS BAR          ;402;TER/;ROTA;0;0;0;0;0;;;;;
20056;REST. FARINA        ;402;TER/;ROTA;0;2;0;2;1;;;;;
4821;MIRANTE DA SERRA    ;402;TER/;ROTA;0;0;0;0;0;;;;;
20104;VICENZA COLONIAL    ;402;TER/;TRAD;0;0;0;0;0;;;;;
5086;PARADA 99           ;402;TER/;ROTA;0;0;0;0;0;;;;;
4847;BANCA DAS CASCATAS  ;402;TER/;ROTA;0;0;0;0;0;;;;;
20060;FRUTEIRA BERTOLDI   ;402;TER/;ROTA;0;0;0;0;0;;;;;
2981;BANCA DAS FRUTAS    ;402;TER/;ROTA;0;0;0;0;0;;;;;
7026;C.VILA AZUL         ;402;TER/;ROTA;0;0;0;0;0;;;;;
6103;FRUTEIRA ANDERLE    ;402;TER/;ROTA;0;0;0;0;0;;;;;
6422;FRUTEIRA ANDERLE 2  ;402;TER/;ROTA;0;0;0;0;0;;;;;
6179;LELO E TITA BOLL    ;402;TER/;ROTA;4;0;0;4;1;;;;;
5257;SABOR AOS PEDAÇOS   ;402;TER/;ROTA;0;0;0;0;0;;;;;
4750;MERC. FRUTEIRA LIMA ;402;TER/;TRAD;0;0;0;0;0;;;;;
7185;MINIMERCADO BAIRRO  ;402;TER/;TRAD;0;0;0;0;0;;;;;
5452;COMPLEXO CALIONI    ;402;TER/;ROTA;0;0;0;0;0;;;;;
6928;STAR LANCHES        ;402;TER/;ROTA;0;0;0;0;0;;;;;
5542;BAR DO MARCOS       ;402;TER/;ROTA;0;0;0;0;0;;;;;
20116;MERCADO BACO        ;402;TER/;ROTA;0;0;0;0;0;;;;;
20233;SANAIOTTO           ;402;TER/;ROTA;0;0;0;0;0;;;;;
6884;PIRO MARTELINHO OURO;402;TER/;ROTA;0;0;0;0;0;;;;;
6371;PIZZARIA COLISEU    ;402;TER/;ROTA;0;0;0;0;0;;;;;
3718;MINIMERCADO DOM PACO;402;TER/;TRAD;0;0;0;0;0;;;;;
4483;MERCADO JOAO        ;402;TER/;TRAD;0;0;0;0;0;;;;;
5338;JOEL DA LUZ         ;402;QUA/;ROTA;0;0;0;0;0;;;;;
6657;JM BAR              ;402;QUA/;ROTA;0;0;0;0;0;;;;;
6499;BAR DO NEGO         ;402;QUA/;ROTA;0;0;0;0;0;;;;;
6617;REST. SERRANO GRILL ;402;QUA/;ROTA;0;0;0;0;0;;;;;
6431;TENDA DA AMIZADE    ;402;QUA/;ROTA;0;0;0;0;0;;;;;
6096;GGALLI DELIVERY COME;402;QUA/;ROTA;0;0;0;0;0;;;;;
2927;PRATOS E ESPETOS    ;402;QUA/;ROTA;0;0;0;0;0;;;;;
6067;POUSADA DOS CAPUCHIN;402;QUA/;ROTA;0;0;0;0;0;;;;;
4809;MASCARON PARADOURO  ;402;QUA/;ROTA;0;0;0;0;0;;;;;
7134;PRIMOS LANCHES      ;402;QUA/;ROTA;0;0;0;0;0;;;;;
4766;BAR DO BETO         ;402;QUA/;ROTA;0;0;0;0;0;;;;;
4773;VALDECIR ANCESKI    ;402;QUA/;TRAD;0;2;0;2;1;;;;;
5992;VILLA DO PÃO        ;402;QUA/;ROTA;0;0;0;0;0;;;;;
5204;LANCH 4 ESTACOES    ;402;QUA/;ROTA;0;0;0;0;0;;;;;
5763;BAR E MER.SANT.ANTON;402;QUA/;ASR;0;0;0;0;0;;;;;
6156;ILTON RECHE         ;402;QUA/;TRAD;0;0;0;0;0;;;;;
6447;ARMAZEM JP          ;402;QUA/;TRAD;0;0;0;0;0;;;;;
5896;BAR DO VALMIR       ;402;QUA/;ROTA;0;0;0;0;0;;;;;
6274;BAR ZUGNO           ;402;QUA/;ROTA;0;0;0;0;0;;;;;
90056;LAGOS VILA PARQUE   ;402;QUA/;ROTA;0;0;0;0;0;;;;;
5409;BAR DA FABI         ;402;QUA/;ROTA;0;0;0;0;0;;;;;
5974;BAR CANEVESE        ;402;QUA/;ROTA;0;0;0;0;0;;;;;
6738;CLU. AGUA VERDE     ;402;QUA/;ROTA;0;0;0;0;0;;;;;
6734;MICHEL GUSBERTI     ;402;QUA/;SUB;0;0;0;0;0;;;;;
20234; ARMAZEM DO VALMIR  ;402;QUA/;TRAD;0;0;0;0;0;;;;;
5941;MERCADO SAO LIBERAL ;402;QUA/;ASR;0;0;0;0;0;;;;;
20231;CACHORRAO DO GORDO  ;402;QUA/;ROTA;0;0;0;0;0;;;;;
5664;SUPERMERCADO BALBI  ;402;QUA/;ASR;0;0;0;0;0;;;;;
6684;PALADARE            ;402;QUA/;ROTA;0;0;0;0;0;;;;;
20235;CASA DAS CARNES     ;402;QUA/;ASR;0;0;0;0;0;;;;;
20251;BAR E REST NECHTI   ;402;QUA/;ROTA;0;0;0;0;0;;;;;
20232;SUPER V. ALEGRENSE  ;402;QUA/;ASR;0;0;0;0;0;;;;;
6614;LANCH.DA PRAÇA      ;402;QUA/;ROTA;0;0;0;0;0;;;;;
6860;CLUBE VISTALEGRENSE ;402;QUA/;ROTA;0;0;0;0;0;;;;;
20237;SUPERMERCADO CCC    ;402;QUA/;ASR;0;0;0;0;0;;;;;
6818;ESTRELA VERMELHA    ;402;QUA/;ROTA;0;0;0;0;0;;;;;
6581;JAIR BOSCHETTI      ;402;QUA/;ROTA;0;2;0;2;1;;;;;
7157;DONA MERY S         ;402;QUI/;ROTA;0;0;0;0;0;;;;;
4572;RESTAURANTE CARON   ;402;QUI/;ROTA;0;0;0;0;0;;;;;
6993;MARC. S RESTAURANTE ;402;QUI/;ROTA;0;0;0;0;0;;;;;
20205;FRUT. SAO PELEGRINO ;402;QUI/;TRAD;0;0;0;0;0;;;;;
6652;BRISTOT CASA DE CARN;402;QUI/;TRAD;0;0;0;0;0;;;;;
4787;SORV TUTTI FRUTTI   ;402;QUI/;ROTA;0;0;0;0;0;;;;;
5224;SALAO SAO PEREGRINO ;402;QUI/;ROTA;0;0;0;0;0;;;;;
6387;GIBAS BAR           ;402;QUI/;ROTA;0;0;0;0;0;;;;;
5211;BELLEBONI           ;402;QUI/;ROTA;0;0;0;0;0;;;;;
5779;BAR ARMAZ.DAS LAGES ;402;QUI/;TRAD;0;0;0;0;0;;;;;
5560;CATARINA REF. E GRE ;402;QUI/;ROTA;0;0;0;0;0;;;;;
6121;SORV.DOCES QUERO MAI;402;QUI/;TRAD;0;0;0;0;0;;;;;
6412;BUTECO DO FLAMENGO  ;402;QUI/;ROTA;0;0;0;0;0;;;;;
7091;ESTACAO 324         ;402;QUI/;ROTA;0;0;0;0;0;;;;;
2465;ASSOC SAO LUIZ      ;402;QUI/;ROTA;0;0;0;0;0;;;;;
4431;ELIANE BEGNINI BRITO;402;QUI/;ROTA;0;0;0;0;0;;;;;
4163;BAR DO ERALDO       ;402;QUI/;ROTA;0;0;0;0;0;;;;;
4873;MARCOS BAR          ;402;QUI/;ROTA;0;0;0;0;0;;;;;
6015;MERCADO RAMOS       ;402;QUI/;TRAD;0;0;0;0;0;;;;;
4907;BAR DA NEUZA        ;402;QUI/;TRAD;0;0;0;0;0;;;;;
6464;QUINTAL MERCADINHO  ;402;QUI/;ASR;0;0;0;0;0;;;;;
6392;BAR CATARINA        ;402;QUI/;ROTA;0;0;0;0;0;;;;;
6362;FRUT.ARMA.FAMILY    ;402;QUI/;TRAD;0;0;0;0;0;;;;;
1627;PADARIA DELICIAS DO ;402;QUI/;TRAD;0;0;0;0;0;;;;;
1596;BAR ARM POLAKINHO   ;402;QUI/;TRAD;0;0;0;0;0;;;;;
6749;CIRETO BAR MERCADO  ;402;QUI/;TRAD;0;0;0;0;0;;;;;
4776;CIA DO LANCHE       ;402;QUI/;ROTA;0;0;0;0;0;;;;;
2926;DELICIA CONCOLATO   ;402;QUI/;ASR;0;0;0;0;0;;;;;
5965;LANCH. SINTA O SABOR;402;QUI/;ROTA;0;0;0;0;0;;;;;
4767;GIN SUSHI BAR DELIVE;402;QUI/;ROTA;0;0;0;0;0;;;;;
6182;MIX LANCHES         ;402;QUI/;ROTA;0;0;0;0;0;;;;;
20005;BAR TUPI            ;402;QUI/;ROTA;2;0;0;2;1;;;;;
7187;CASSOL LANCHES      ;402;SEX/;ROTA;0;0;0;0;0;;;;;
7051;BIG CHURRAS DELIVERY;402;SEX/;ROTA;0;0;0;0;0;;;;;
5790;MERCADO SAO JOSE    ;402;SEX/;TRAD;0;0;0;0;0;;;;;
4717;BAR CAZAROTTO       ;402;SEX/;ROTA;0;0;0;0;0;;;;;
6219;SIDNEI CONSALTER    ;402;SEX/;ROTA;0;0;0;0;0;;;;;
4472;LANCHERIA SOSSEGO   ;402;SEX/;ROTA;0;0;0;0;0;;;;;
5776;POINT LANCHES       ;402;SEX/;ROTA;0;0;0;0;0;;;;;
5303;LP POLIMENTOS       ;402;SEX/;ROTA;0;0;0;0;0;;;;;
4827;BAR ZAIRA ROSA      ;402;SEX/;ROTA;0;0;0;0;0;;;;;
4748;BAR DOS REIS        ;402;SEX/;TRAD;0;0;0;0;0;;;;;
5071;BAR DA AMIZADE      ;402;SEX/;ROTA;0;0;0;0;0;;;;;
7227;RANGOS REST E LANC  ;402;SEX/;ROTA;0;0;0;0;0;;;;;
6613;RA DISTRIBUIDORA    ;402;SEX/;ROTA;0;0;0;0;0;;;;;
4751;LANCH. SAO PELEGRINO;402;SEX/;ROTA;0;0;0;0;0;;;;;
5294;BAR DELVINO TESSARO ;402;SEX/;ROTA;4;0;0;4;1;;;;;
2063;LS BAR E LANCHERIA  ;402;SEX/;ROTA;0;0;0;0;0;;;;;
5245;QUADRA SANAIOTO     ;402;SEX/;ROTA;0;0;0;0;0;;;;;
20108;RESTAURANTE CHULETAO;402;SEX/;ROTA;0;0;0;0;0;;;;;
5778;FRUTEIRA BALOTIN    ;402;SEX/;ROTA;0;0;0;0;0;;;;;
20188;RES.LAN.LUCCHETTA   ;402;SEX/;ROTA;0;0;0;0;0;;;;;
6625;BAR LANC.DA ANGELA  ;402;SEX/;ROTA;0;0;0;0;0;;;;;
7068;TERESINHA PAGLIOSA  ;402;SEX/;ROTA;0;0;0;0;0;;;;;
7033;MOT. GRUPO FARRAPOS ;402;SEX/;ROTA;0;0;0;0;0;;;;;
4372;MERCADO ARCARI      ;402;SEX/;TRAD;0;0;0;0;0;;;;;
6600;Vanilda MATTIELLO   ;402;SEX/;ROTA;0;0;0;0;0;;;;;
20077;LANCHERIA MERCALLI  ;402;SEX/;ROTA;0;0;0;0;0;;;;;
4863;ASSC.CULT.UNI.      ;402;SEX/;ROTA;0;0;0;0;0;;;;;
6173;BOTECO DO BODE      ;402;SEX/;ROTA;0;0;0;0;0;;;;;
4752;BOCANHAS            ;402;SEX/;ROTA;0;0;0;0;0;;;;;
6190;SALGADOS GRACIOSA   ;402;SEX/;ROTA;0;0;0;0;0;;;;;
6857;HZ COMERCIO         ;402;SEX/;SUB;0;0;0;0;0;;;;;
6398;BAR CAÇA E PESCA    ;402;SEX/;ROTA;0;0;0;0;0;;;;;
2061;BAR E MERC. NARDINO ;402;SEX/;ROTA;0;0;0;0;0;;;;;
20127;MERCADO SALVETTE    ;402;SEX/;TRAD;0;2;0;2;1;;;;;
20227;MERCADO MINGUIM     ;402;SEX/;TRAD;0;0;0;0;0;;;;;
1962;LANCHERIA FEIJAO    ;403;SEG/;ROTA;2;0;0;2;1;;;;;
2033;BAR CERVELIN        ;403;SEG/;ROTA;0;0;0;0;0;;;;;
90103;CONCA LANCHES       ;403;SEG/;ROTA;0;0;0;0;0;;;;;
6844;PAES NA PALHA       ;403;SEG/;ROTA;0;0;0;0;0;;;;;
6996;BAR LANCHER BENJAMIN;403;SEG/;ROTA;0;0;0;0;0;;;;;
5151;SERC FARRAPOS       ;403;SEG/;ROTA;0;0;0;0;0;;;;;
2283;DARTORA RESTAURANTE ;403;SEG/;ROTA;0;0;0;0;0;;;;;
6881;JANSEN SORVETE      ;403;SEG/;ROTA;0;0;0;0;0;;;;;
2506;MERCADO RICO        ;403;SEG/;TRAD;0;0;0;0;0;;;;;
31120;LANC DO TIO PAVAO   ;403;SEG/;ROTA;0;0;0;0;0;;;;;
6533;BANCA DA TIA ANA    ;403;SEG/;ROTA;0;0;0;0;0;;;;;
5554;BAR DO DAIDO        ;403;SEG/;ROTA;0;0;0;0;0;;;;;
6337;BANCA DA GULA       ;403;SEG/;TRAD;0;0;0;0;0;;;;;
5920;MERCADO FRANCISQUT  ;403;SEG/;TRAD;0;0;0;0;0;;;;;
31111;MOTEL MONZA         ;403;SEG/;ROTA;0;0;0;0;0;;;;;
3738;COMERCIAL VO ANDREA ;403;SEG/;TRAD;0;0;0;0;0;;;;;
5897;BANCA FERRARI       ;403;SEG/;ROTA;0;0;0;0;0;;;;;
6231;MERCADO GIRELLI     ;403;SEG/;TRAD;0;0;0;0;0;;;;;
31109;TENDA DEL SAPORE    ;403;SEG/;ROTA;0;0;0;0;0;;;;;
3092;BAR CARLOS          ;403;SEG/;ROTA;0;0;0;0;0;;;;;
6275;LANCHERIA TROPICAL  ;403;SEG/;ROTA;0;0;0;0;0;;;;;
31104;RESTAURANTE DO DINHO;403;SEG/;ROTA;0;0;0;0;0;;;;;
30568;CANTINA TREVO       ;403;SEG/;ROTA;0;0;0;0;0;;;;;
6176;BENTO BAR           ;403;SEG/;ROTA;0;0;0;0;0;;;;;
5398;ROBERTO SILVA CASTRO;403;SEG/;ROTA;0;0;0;0;0;;;;;
5822;BANCA 453           ;403;SEG/;TRAD;0;0;0;0;0;;;;;
7139;CHAPAO BEM MIO      ;403;SEG/;ROTA;0;0;0;0;0;;;;;
5370;RESTAURANTE MACHADO ;403;SEG/;ROTA;0;0;0;0;0;;;;;
90086;HONEST FOOD         ;403;SEG/;ROTA;0;0;0;0;0;;;;;
7137;GAMBITO BAR         ;403;TER/;ROTA;0;0;0;0;0;;;;;
18527;CHURR. LA PICANHA   ;403;TER/;ROTA;0;0;0;0;0;;;;;
18542;DELL CONTINY        ;403;TER/;ROTA;0;0;0;0;0;;;;;
18534;BAR DO VALDOMIRO    ;403;TER/;ROTA;0;0;0;0;0;;;;;
18315;PIZZARIA COLOMBO    ;403;TER/;ROTA;0;0;0;0;0;;;;;
6339;MERCADO OLIVEIRA    ;403;TER/;TRAD;0;0;0;0;0;;;;;
3182;CAMPO NOVA VINCENZA ;403;TER/;ROTA;0;0;0;0;0;;;;;
6452;DELICIAS DCAROLINE  ;403;TER/;ROTA;0;0;0;0;0;;;;;
18537;REST. BEM TE VI     ;403;TER/;ROTA;0;0;0;0;0;;;;;
90013;REST. REAL BRUNETA  ;403;TER/;ROTA;0;0;0;0;0;;;;;
18151;MERCADO QUEBIM      ;403;TER/;TRAD;0;0;0;0;0;;;;;
18150;LANCHERIA VENTURINI ;403;TER/;ROTA;0;0;0;0;0;;;;;
6382;MOREIRA CANTOS BAR  ;403;TER/;ROTA;0;0;0;0;0;;;;;
18140;CAMPO DE FUTEBOL    ;403;TER/;ROTA;0;0;0;0;0;;;;;
18153;MERCADO VIECCELI    ;403;TER/;TRAD;0;0;0;0;0;;;;;
6516;HEROIS DO SABOR     ;403;TER/;ROTA;0;0;0;0;0;;;;;
7162;BAR MACHADO         ;403;TER/;ROTA;0;0;0;0;0;;;;;
2500;CLUBE CANARINHO     ;403;TER/;ROTA;0;0;0;0;0;;;;;
5907;BAR PANORAMA        ;403;TER/;ROTA;2;0;0;2;1;;;;;
7046;BAR DA GIRELLI      ;403;TER/;ROTA;0;0;0;0;0;;;;;
1680;SALAO MEDIANEIRA    ;403;TER/;ROTA;0;0;0;0;0;;;;;
5954;Bar RL              ;403;TER/;ROTA;0;0;0;0;0;;;;;
18541;CHURRASC DAL NONO   ;403;TER/;ROTA;0;0;0;0;0;;;;;
6953;SISMUF              ;403;TER/;TRAD;0;0;0;0;0;;;;;
6263;MERCADO BERNARDI    ;403;TER/;TRAD;0;0;0;0;0;;;;;
6682;MERCADO FAMILIA     ;403;TER/;TRAD;0;0;0;0;0;;;;;
6963;BAR DAMENANTRA      ;403;TER/;ROTA;0;0;0;0;0;;;;;
6002;RESTAURACAO P FAISCA;403;TER/;ROTA;0;0;0;0;0;;;;;
3918;PILIM PIM PIM FESTAS;403;TER/;ROTA;0;0;0;0;0;;;;;
7192;SALAO SAO ROQUE     ;403;TER/;ROTA;0;0;0;0;0;;;;;
6952;DASERRAMULTIMARCAS  ;403;TER/;ROTA;0;0;4;4;1;;;;;
6810;SAN BENEDITO LANCHES;403;QUA/;ROTA;0;0;0;0;0;;;;;
1719;ASSOCIACAO PROGRESSO;403;QUA/;ROTA;0;0;0;0;0;;;;;
4583;REST E LANCH IVETE  ;403;QUA/;ROTA;0;0;0;0;0;;;;;
6623;BAR DA FACULDADE    ;403;QUA/;ROTA;0;0;0;0;0;;;;;
7098;BARBEARIA SEU GRITTI;403;QUA/;ROTA;0;0;0;0;0;;;;;
30440;LAN.PIZ.VERDE BRANCO;403;QUA/;ROTA;0;0;0;0;0;;;;;
30447;DICK BAR            ;403;QUA/;ROTA;0;0;0;0;0;;;;;
6905;BRUNA TREMARIN      ;403;QUA/;ROTA;2;0;0;2;1;;;;;
7144;SELFE LANCHERIA     ;403;QUA/;ROTA;0;0;0;0;0;;;;;
7084;BAR DO NIZIO        ;403;QUA/;ROTA;0;0;0;0;0;;;;;
6390;BAR DO ILARIO       ;403;QUA/;ROTA;0;0;0;0;0;;;;;
6462;CASA DE CARNES VIVAN;403;QUA/;TRAD;0;0;0;0;0;;;;;
5702;TABERNA BAR         ;403;QUA/;ROTA;0;0;0;0;0;;;;;
2294;AMAZONAS BAR        ;403;QUA/;ROTA;0;0;0;0;0;;;;;
5419;PADARIA SILVESTRE   ;403;QUA/;ROTA;0;0;0;0;0;;;;;
6947;LENHA BURGUER BG    ;403;QUA/;ROTA;0;0;0;0;0;;;;;
6770;BOCHA GORETTI       ;403;QUA/;ROTA;0;0;0;0;0;;;;;
30415;TOSCANA PIZZERIA    ;403;QUA/;ROTA;0;0;0;0;0;;;;;
30939;LENI LANCHES        ;403;QUA/;ROTA;0;0;0;0;0;;;;;
30460;LANCHERIA DEL PONTE ;403;QUA/;ROTA;0;0;0;0;0;;;;;
30459;LACHERIA PERTILE    ;403;QUA/;ROTA;0;0;0;0;0;;;;;
30461;LANCHERIA GABARDO   ;403;QUA/;ROTA;0;0;0;0;0;;;;;
30462;RODOBENTO LANCHES   ;403;QUA/;ROTA;0;0;0;0;0;;;;;
6696;EMPORIO DAS AGUAS   ;403;QUA/;SUB;0;0;0;0;0;;;;;
30427;LANCHERIA POZZA     ;403;QUA/;ROTA;0;0;0;0;0;;;;;
4979;CASA DE CARNES RAZZE;403;QUA/;TRAD;0;0;0;0;0;;;;;
6406;FAVARETTO PARKING   ;403;QUA/;ROTA;0;0;0;0;0;;;;;
4814;LANCH. PALMERINHAS  ;403;QUA/;ROTA;0;0;0;0;0;;;;;
6363;DECIMA PIZZA        ;403;QUA/;ROTA;0;0;0;0;0;;;;;
6714;II ROUND            ;403;QUA/;ROTA;0;0;0;0;0;;;;;
7044;FRUTEIRA DA BEA     ;403;QUA/;TRAD;0;0;0;0;0;;;;;
7218;D SENA LANCHES      ;403;QUA/;ROTA;0;0;0;0;0;;;;;
30450;ARMAZ. PAULISTANO   ;403;QUA/;ROTA;0;0;0;0;0;;;;;
30506;LANCHERIA TIO JOAO  ;403;QUA/;ROTA;0;0;0;0;0;;;;;
30507;RESTAURANTE GRESELLE;403;QUA/;ROTA;0;0;0;0;0;;;;;
30950;MINI MERCADO MORESCO;403;QUA/;TRAD;0;0;0;0;0;;;;;
5550;BAR DO MARCON       ;403;QUI/;ROTA;0;0;0;0;0;;;;;
30779;BAR E ARMAZEM BALDO ;403;QUI/;TRAD;0;0;0;0;0;;;;;
7014;PECCATUM BAR E DANC ;403;QUI/;ROTA;0;0;0;0;0;;;;;
4206;SERRA CAFES         ;403;QUI/;ROTA;0;0;0;0;0;;;;;
5381;BURGER BROTHERS'S   ;403;QUI/;ROTA;0;0;0;0;0;;;;;
6591;CAFE 537            ;403;QUI/;ROTA;0;0;0;0;0;;;;;
4362;BAR GOIANIA         ;403;QUI/;ROTA;0;2;0;2;1;;;;;
1734;BAR DO RENATO       ;403;QUI/;ROTA;0;0;0;0;0;;;;;
30862;CLUBE SAO BENTO     ;403;QUI/;ROTA;0;0;0;0;0;;;;;
30752;RESTAURANTE PORTUGU ;403;QUI/;ROTA;0;0;0;0;0;;;;;
6822;JOY EVENTOS         ;403;QUI/;ROTA;0;0;0;0;0;;;;;
6379;LANCHERIA FELIX     ;403;QUI/;ROTA;0;0;0;0;0;;;;;
3369;FUT AGF BOTAFOGO    ;403;QUI/;ROTA;0;0;0;0;0;;;;;
4710;BAR POSSAMAI        ;403;QUI/;ROTA;0;0;0;0;0;;;;;
1445;CASA CARNES BRAMBILA;403;QUI/;TRAD;0;0;0;0;0;;;;;
30210;BAR FORTALEZA       ;403;QUI/;TRAD;0;0;0;0;0;;;;;
7082;SOCIETY CHUTA CHUTA ;403;QUI/;ROTA;0;0;0;0;0;;;;;
4380;BAR DO ADILSO       ;403;QUI/;ROTA;0;0;0;0;0;;;;;
4582;MX HAMBURGUERIA     ;403;QUI/;ROTA;0;0;0;0;0;;;;;
4331;BAR CASSINELLI      ;403;QUI/;ROTA;0;0;0;0;0;;;;;
5021;BAR PIOVESANA       ;403;QUI/;ROTA;0;0;0;0;0;;;;;
4554;CALDEIRA REST E BAR ;403;QUI/;ROTA;0;0;0;0;0;;;;;
1124;MANIA DE BAR        ;403;QUI/;ROTA;0;0;0;0;0;;;;;
5571;THE FERRIS HAMBURGUE;403;QUI/;ROTA;0;0;0;0;0;;;;;
2693;LANCHER BELISKAO    ;403;QUI/;ROTA;0;0;0;0;0;;;;;
6559;TORNEDOR CARNES     ;403;QUI/;TRAD;0;0;0;0;0;;;;;
5320;PIATTO RESTAURANTE  ;403;QUI/;ROTA;0;0;0;0;0;;;;;
7081;BAR DO SAO BENTO    ;403;QUI/;ROTA;0;4;0;4;1;;;;;
30322;BOTEQUIM DO PREDEBOM;403;QUI/;ROTA;0;0;0;0;0;;;;;
6459;GINASIO IMIGRANTE   ;403;QUI/;ROTA;0;0;0;0;0;;;;;
5866;BAR DO GIOVAN       ;403;QUI/;ROTA;0;0;0;0;0;;;;;
6708;POLACO LANCHES      ;403;QUI/;ROTA;0;0;0;0;0;;;;;
2490;BAR MAIS VOCE       ;403;SEX/;ROTA;0;0;0;0;0;;;;;
2782;BOLICHE TIO ALDO    ;403;SEX/;ROTA;0;0;0;0;0;;;;;
6325;D ROSA LANCHES      ;403;SEX/;ROTA;0;0;0;0;0;;;;;
6582;TITI LANCHES        ;403;SEX/;ROTA;0;0;0;0;0;;;;;
2641;LANCHERIA REKA      ;403;SEX/;ROTA;0;0;0;0;0;;;;;
4381;FRUTEIRA KAPPES     ;403;SEX/;TRAD;0;0;0;0;0;;;;;
6842;BAR DO DARCI        ;403;SEX/;ROTA;0;0;0;0;0;;;;;
6948;BAR DO CAMPO        ;403;SEX/;ROTA;0;0;0;0;0;;;;;
30211;BAR ARMAZ BENVENUTTI;403;SEX/;TRAD;0;0;0;0;0;;;;;
6153;BAR SANTA HELENA    ;403;SEX/;ROTA;0;0;0;0;0;;;;;
4673;BAR DO FOCA         ;403;SEX/;ROTA;0;0;0;0;0;;;;;
5476;FRUT SANTA HELENA   ;403;SEX/;TRAD;0;0;0;0;0;;;;;
30808;LANCHERIA DO SORRISO;403;SEX/;ROTA;0;0;0;0;0;;;;;
6255;FRUTEIRA E CIA      ;403;SEX/;TRAD;0;0;0;0;0;;;;;
6880;SABORES DA SERRA    ;403;SEX/;ROTA;0;0;0;0;0;;;;;
2154;BAR DO WENDT        ;403;SEX/;ROTA;0;0;0;0;0;;;;;
7190;MAJU ESPACO DO SABOR;403;SEX/;ROTA;0;0;0;0;0;;;;;
3446;LANCHERIA BRAUN     ;403;SEX/;ROTA;0;0;0;0;0;;;;;
6704;MARCON NOBRE EVENTOS;403;SEX/;ROTA;0;0;0;0;0;;;;;
1793;SALAO SANTO ANTAO   ;403;SEX/;ROTA;0;0;0;0;0;;;;;
6863;DOMINICS BAR        ;403;SEX/;ROTA;0;0;0;0;0;;;;;
4970;BAR SLOTNICK        ;403;SEX/;ROTA;0;0;0;0;0;;;;;
5392;DE TONI S BAR       ;403;SEX/;ROTA;0;0;0;0;0;;;;;
3185;ASSOC BRASIL STA HEL;403;SEX/;ROTA;0;0;0;0;0;;;;;
4215;RESTAURANTE IDEALE  ;403;SEX/;ROTA;0;0;0;0;0;;;;;
7138;POBRIS              ;403;SEX/;ROTA;0;0;0;0;0;;;;;
5533;BAR DO BIGODE       ;403;SEX/;TRAD;0;0;0;0;0;;;;;
5675;LONG'S DELIVERY     ;403;SEX/;ROTA;0;0;0;0;0;;;;;
3356;EM BAR DO BREVIA    ;403;SEX/;ROTA;0;0;0;0;0;;;;;
7183;SANTA MARTA PIZZAS  ;403;SEX/;ROTA;0;0;0;0;0;;;;;
6197;SALaO SANTA MARTA   ;403;SEX/;ROTA;0;0;0;0;0;;;;;
6069;BAR DO MARCAO       ;403;SEX/;ROTA;0;0;0;0;0;;;;;
2011;FRUTEIRA DO CHICO   ;403;SEX/;ROTA;2;0;0;2;1;;;;;
5641;GENI AGATTI         ;403;SEX/;TRAD;0;0;0;0;0;;;;;
90097;ELISANGELA RIZZI    ;403;SEX/;ROTA;0;0;0;0;0;;;;;
7194;MANOLO DURLI        ;403;SEX/;ROTA;0;0;0;0;0;;;;;
4174;CAPELA LINHA ELY    ;404;SEG/;ROTA;0;0;0;0;0;;;;;
7206;RESTAURANTE GIOVANA ;404;SEG/;ROTA;0;0;0;0;0;;;;;
2382;LANC E CAF. CARVALHO;404;SEG/;ROTA;0;0;0;0;0;;;;;
6907;DEGUSTI             ;404;SEG/;ROTA;0;0;0;0;0;;;;;
18016;ANTILOPE            ;404;SEG/;ROTA;0;0;0;0;0;;;;;
18271;EM GNV LANCHONETE   ;404;SEG/;ROTA;0;0;0;0;0;;;;;
5832;RECANTO DA FAMILIA 2;404;SEG/;ROTA;0;0;0;0;0;;;;;
6273;CHOCO STORE         ;404;SEG/;TRAD;0;0;0;0;0;;;;;
5059;CHU GIRELLE         ;404;SEG/;ROTA;0;0;0;0;0;;;;;
6688;PURO SABOR          ;404;SEG/;ROTA;0;0;0;0;0;;;;;
18510;REST. TUMELERO      ;404;SEG/;ROTA;0;0;0;0;0;;;;;
6635;LANCHE DA MARIA     ;404;SEG/;ROTA;0;0;0;0;0;;;;;
7124;MIRANDA LANCHES     ;404;SEG/;ROTA;0;0;0;0;0;;;;;
6689;BIG DOG             ;404;SEG/;ROTA;0;0;0;0;0;;;;;
6690;O LEGITIMO          ;404;SEG/;ROTA;0;0;0;0;0;;;;;
7178;YZA LANCHES         ;404;SEG/;ROTA;0;0;0;0;0;;;;;
6916;FAST GOOD PARIZZI   ;404;SEG/;LC;0;0;0;0;0;;;;;
18506;RESTAUR. MANGINI S  ;404;SEG/;ROTA;0;0;0;0;0;;;;;
2497;CASA CARNES RAZZERA ;404;SEG/;TRAD;0;0;0;0;0;;;;;
4883;BURATTI LANCHES     ;404;SEG/;ROTA;0;0;0;0;0;;;;;
5005;RESTAURANTE JULIUS  ;404;SEG/;ROTA;0;0;0;0;0;;;;;
3322;FRUTEIRA GAIO       ;404;SEG/;TRAD;0;0;0;0;0;;;;;
5551;WILD BEER           ;404;SEG/;LC;0;0;0;0;0;;;;;
2467;PAD. E CONF.DE CONTO;404;SEG/;TRAD;0;0;0;0;0;;;;;
18546;BAR DO PICA-PAU     ;404;SEG/;ROTA;0;0;0;0;0;;;;;
6140;PERNALONGA BAR      ;404;SEG/;ROTA;0;6;0;6;1;;;;;
4064;REST MAIOLI         ;404;SEG/;ROTA;0;0;0;0;0;;;;;
18266;BAR LANCH. VITCHENZA;404;SEG/;ROTA;0;0;0;0;0;;;;;
6937;MERCADO  TUPAM 2    ;404;SEG/;TRAD;0;0;0;0;0;;;;;
5157;DOCE VICIO          ;404;SEG/;ROTA;0;0;0;0;0;;;;;
4584;PREMIER BAR         ;404;SEG/;ROTA;0;0;0;0;0;;;;;
7188;PADARIA CECATTO     ;404;SEG/;ROTA;0;0;0;0;0;;;;;
7476;CHURRASCARIA DINAR  ;404;TER/;ROTA;0;0;0;0;0;;;;;
5214;SEDE TRAMONTINA     ;404;TER/;ROTA;0;0;0;0;0;;;;;
18059;REST DON HONORIO    ;404;TER/;ROTA;2;2;0;4;2;;;;;
2883;KOKES LANCHES       ;404;TER/;ROTA;0;0;0;0;0;;;;;
5756;BAR GRAZIS 2        ;404;TER/;ROTA;0;0;0;0;0;;;;;
3981;BAR DO JOEL         ;404;TER/;ROTA;0;0;0;0;0;;;;;
6414;LANCHERIA DO BIGODE ;404;TER/;ROTA;0;0;0;0;0;;;;;
6209;SEVERO SGARBI BAR   ;404;TER/;ROTA;6;0;0;6;1;;;;;
6693;TENDA DO LUIZ       ;404;TER/;ROTA;0;0;0;0;0;;;;;
6561;MERCADO CAMPOS      ;404;TER/;TRAD;0;0;0;0;0;;;;;
6596;ARMAZEM DONA IVETE  ;404;TER/;TRAD;0;0;0;0;0;;;;;
7660;MOTEL AQUARIUS      ;404;TER/;ROTA;0;0;0;0;0;;;;;
4404;BAR DO 1100         ;404;TER/;ROTA;0;0;0;0;0;;;;;
5717;TENDA ZALAMENA      ;404;TER/;TRAD;0;0;0;0;0;;;;;
6445;GOLDEN BEER         ;404;TER/;ROTA;0;0;0;0;0;;;;;
6589;BAR DO CEARA        ;404;TER/;ROTA;0;0;0;0;0;;;;;
1827;BODEGaO DO RUDI     ;404;TER/;TRAD;0;0;0;0;0;;;;;
6465;SABOR DA LOIRA      ;404;TER/;ROTA;0;0;0;0;0;;;;;
6491;CHOPERIA DO ALEMAO  ;404;TER/;ROTA;0;0;0;0;0;;;;;
5002;CHOPEIRA ARENHARDT  ;404;TER/;ROTA;0;0;0;0;0;;;;;
6579;BAR DA FATIMA       ;404;TER/;ROTA;0;0;0;0;0;;;;;
6418;PADARIA FLORES      ;404;TER/;TRAD;0;0;0;0;0;;;;;
7006;ROCK LANCHES        ;404;TER/;ROTA;0;0;0;0;0;;;;;
6006;VETERAS BAR         ;404;TER/;ROTA;0;0;0;0;0;;;;;
5690;DOCE VICIO          ;404;TER/;ROTA;0;0;0;0;0;;;;;
1655;DOCES DA MARI       ;404;TER/;TRAD;0;0;0;0;0;;;;;
6607;CAMPO MONTE PASQUAL ;404;TER/;ROTA;0;0;0;0;0;;;;;
6954;ARMAZEM RADINHO     ;404;TER/;TRAD;0;0;0;0;0;;;;;
6195;MERCADO CENTENARIO  ;404;TER/;TRAD;0;0;0;0;0;;;;;
6788;DISK BIRITA         ;404;TER/;SUB;0;0;0;0;0;;;;;
6934;DEGUSTARE LANCHES   ;404;QUA/;ROTA;0;0;0;0;0;;;;;
7016;KIMURA DRINKS       ;404;QUA/;SUB;0;0;0;0;0;;;;;
18064;BAR DO SECO         ;404;QUA/;ROTA;0;0;0;0;0;;;;;
6997;CTG ALDEIA FARROUPIL;404;QUA/;ROTA;0;0;0;0;0;;;;;
18075;BAR MENEGHINI       ;404;QUA/;ROTA;0;0;0;0;0;;;;;
6918;BAR D.LIMA          ;404;QUA/;ROTA;0;0;0;0;0;;;;;
18566;ARMAZEM FLABER      ;404;QUA/;ROTA;0;0;0;0;0;;;;;
18567;VASCO DA GAMA FC.   ;404;QUA/;ROTA;0;0;0;0;0;;;;;
18564;RESTAURANTE GIACOMEL;404;QUA/;ROTA;0;0;0;0;0;;;;;
6135;LANCHONETE MAFALDA  ;404;QUA/;ROTA;0;0;0;0;0;;;;;
6095;BODEGAS BAR         ;404;QUA/;ROTA;0;0;0;0;0;;;;;
2656;FRUTEIRA MIRANDA    ;404;QUA/;ROTA;0;0;0;0;0;;;;;
3370;DEI NONE            ;404;QUA/;ROTA;0;0;0;0;0;;;;;
6300;BAR DO GRINGO       ;404;QUA/;ROTA;0;0;0;0;0;;;;;
1974;BAR DO BIRO         ;404;QUA/;ROTA;0;0;0;0;0;;;;;
6565;CANIDIA S BAR       ;404;QUA/;TRAD;0;0;0;0;0;;;;;
6803;BAR LARA            ;404;QUA/;ROTA;0;0;0;0;0;;;;;
6666;REVAIR LANCHES      ;404;QUA/;ROTA;0;0;0;0;0;;;;;
6685;MERCADO ULTIMA HORA ;404;QUA/;TRAD;0;0;0;0;0;;;;;
1184;MERCADO RUDI        ;404;QUA/;TRAD;0;0;0;0;0;;;;;
6772;JP                  ;404;QUA/;ROTA;0;0;0;0;0;;;;;
3162;RESTAURANTE RUBI    ;404;QUA/;ROTA;0;0;0;0;0;;;;;
6290;BAR REGNER 2        ;404;QUA/;ROTA;0;0;0;0;0;;;;;
2696;PERTUTTI LANCHES    ;404;QUA/;ROTA;0;0;0;0;0;;;;;
18093;BANCA PRIMAVERA     ;404;QUA/;TRAD;0;0;0;0;0;;;;;
3814;BAR DO EDSON        ;404;QUA/;ROTA;0;0;0;0;0;;;;;
6505;BOTECO MIL GOLES    ;404;QUA/;ROTA;0;0;0;0;0;;;;;
6806;CLUBE ALTAS HORAS   ;404;QUA/;ROTA;0;0;0;0;0;;;;;
6741;WR LANCHES          ;404;QUA/;ROTA;0;2;0;2;1;;;;;
7228;ZANELLA PIZZARIA    ;404;QUA/;ROTA;0;0;0;0;0;;;;;
4229;MERCADO SPECIALITA  ;404;QUI/;TRAD;0;0;0;0;0;;;;;
5417;VILA RICA GINASIO   ;404;QUI/;ROTA;0;0;0;0;0;;;;;
1813;AMELIO CAUMO        ;404;QUI/;TRAD;0;0;0;0;0;;;;;
6871;BAR JANDIRA         ;404;QUI/;ROTA;0;0;0;0;0;;;;;
18230;BAR DO EDEMAR       ;404;QUI/;ROTA;0;0;0;0;0;;;;;
90078;MERCADO BUENO       ;404;QUI/;TRAD;0;0;0;0;0;;;;;
6663;HORTA ROMANSIN      ;404;QUI/;TRAD;0;0;0;0;0;;;;;
6706;Rec Das Orqu deas 2 ;404;QUI/;ROTA;0;0;0;0;0;;;;;
2445;N. S. R. DE POMPEIA ;404;QUI/;ROTA;0;0;0;0;0;;;;;
6535;CLUBE JUVENTUDE DB  ;404;QUI/;ROTA;0;0;0;0;0;;;;;
6420;CAFE COLONIAL SALTO ;404;QUI/;ROTA;0;0;0;0;0;;;;;
7225;CAMINHOS DO SALTO   ;404;QUI/;ROTA;0;0;0;0;0;;;;;
3427;BAR 48              ;404;QUI/;ROTA;0;0;0;0;0;;;;;
3191;BAR DO TIO LUIS     ;404;QUI/;ROTA;0;0;0;0;0;;;;;
5743;RESTAURANTE WERNER  ;404;QUI/;ROTA;0;0;0;0;0;;;;;
5091;BAR ELV             ;404;QUI/;ROTA;0;0;0;0;0;;;;;
5813;BAR TROES 2         ;404;QUI/;ROTA;0;0;0;0;0;;;;;
8466;VERA L. HOFFMANN    ;404;QUI/;ROTA;0;0;0;0;0;;;;;
5515;LANCH E MERC LEMES  ;404;QUI/;ROTA;0;0;0;0;0;;;;;
5350;SEDE SANTA RITA     ;404;QUI/;ROTA;0;0;0;0;0;;;;;
6731;MERCADO BAJE        ;404;QUI/;TRAD;0;0;0;0;0;;;;;
6816;FOICES BURGER       ;404;QUI/;ROTA;0;0;0;0;0;;;;;
18269;MERCADO MASSENS     ;404;QUI/;TRAD;0;0;0;0;0;;;;;
6793;LANCHERIA RAMOS     ;404;QUI/;ROTA;0;0;0;0;0;;;;;
6921;PIZZARIA SAN BEPPE  ;404;QUI/;ROTA;0;0;0;0;0;;;;;
6580;TENDA GIACOMINI     ;404;QUI/;ROTA;0;0;0;0;0;;;;;
3471;RESTAURANTE DA SERRA;404;QUI/;ROTA;0;0;0;0;0;;;;;
6650;BOLICHO DO SARGENTO ;404;QUI/;ROTA;0;0;0;0;0;;;;;
6266;BAR DA TONHA        ;404;QUI/;ROTA;0;0;0;0;0;;;;;
1815;SERC TUPY           ;404;QUI/;ROTA;0;0;0;0;0;;;;;
6214;MINIMERCADO ARALDI  ;404;QUI/;TRAD;0;0;0;0;0;;;;;
18778;SEDE TROMBINI       ;404;QUI/;ROTA;0;0;0;0;0;;;;;
4679;COM. RIO CACADOR    ;404;QUI/;ROTA;0;0;0;0;0;;;;;
2184;SEDE COLOMBO        ;404;QUI/;ROTA;0;0;0;0;0;;;;;
7169;GISLANCHES          ;404;SEX/;ROTA;0;0;0;0;0;;;;;
6233;MUNDO ANIMAL        ;404;SEX/;ROTA;0;0;0;0;0;;;;;
2303;CHAPLIN BURGER      ;404;SEX/;ROTA;0;0;0;0;0;;;;;
6525;CERVEJARIA SCHMITAO ;404;SEX/;ROTA;0;0;0;0;0;;;;;
6410;CAFE DA JULIO       ;404;SEX/;ROTA;0;0;0;0;0;;;;;
5834;RESTAURANTE EHL     ;404;SEX/;ROTA;0;0;0;0;0;;;;;
4720;X PICANHA DELIVERY  ;404;SEX/;ROTA;0;0;0;0;0;;;;;
7060;PIZZ MORADA DO SABOR;404;SEX/;ROTA;0;0;0;0;0;;;;;
6449;AVENIDAS LANCHES    ;404;SEX/;ROTA;0;0;0;0;0;;;;;
6660;ARENA SPORTS        ;404;SEX/;ROTA;0;0;0;0;0;;;;;
90100;SUNSET CONVENIENCIA ;404;SEX/;LC;0;0;0;0;0;;;;;
2322;BAR AMIGOS DA BOCHA ;404;SEX/;ROTA;0;0;0;0;0;;;;;
1476;REST KILOMANIA      ;404;SEX/;ROTA;0;0;0;0;0;;;;;
2584;NOSSO BUTECO        ;404;SEX/;ROTA;0;0;0;0;0;;;;;
7078;DEHPOIS             ;404;SEX/;ROTA;0;0;0;0;0;;;;;
1075;PAES E CIA          ;404;SEX/;TRAD;0;0;0;0;0;;;;;
6638;CASA DAS FRUTAS     ;404;SEX/;TRAD;0;0;0;0;0;;;;;
4078;PICANHAS GALERIA    ;404;SEX/;ROTA;0;0;0;0;0;;;;;
6070;ARMAZEM DO BOLA     ;404;SEX/;TRAD;0;0;0;0;0;;;;;
8428;CACHORRO LOCO       ;404;SEX/;ROTA;0;0;0;0;0;;;;;
6812;LA VECCHIA TRATTORIA;404;SEX/;ROTA;0;0;0;0;0;;;;;
18011;KIKAO LANCHES       ;404;SEX/;ROTA;0;0;0;0;0;;;;;
6361;ALAMEDA PIZZARIA    ;404;SEX/;ROTA;0;0;0;0;0;;;;;
5712;MARECHAL LANCHES    ;404;SEX/;ROTA;0;0;0;0;0;;;;;
5266;CARNES RAZZERA      ;404;SEX/;TRAD;0;0;0;0;0;;;;;
7120;MOTOR PUB           ;404;SEX/;ROTA;0;0;0;0;0;;;;;
6137;XIXAS BAR           ;404;SEX/;ROTA;0;0;0;0;0;;;;;
2615;CASA DO QUEIJO      ;404;SEX/;TRAD;0;0;0;0;0;;;;;
5952;133 BARBEARIA       ;404;SEX/;ROTA;0;0;0;0;0;;;;;
6897;BAR DO GABI         ;404;SEX/;ROTA;0;0;0;0;0;;;;;
18628;JUVENIL BAR         ;404;SEX/;ROTA;0;0;0;0;0;;;;;
1141;BAR LAN 13 DE MAIO  ;404;SEX/;ROTA;0;0;0;0;0;;;;;
6100;BURGUERIA DO GORDO  ;404;SEX/;ROTA;0;0;0;0;0;;;;;
5196;AMERICAN BURGER     ;404;SEX/;ROTA;0;0;0;0;0;;;;;
6862;De Cezaro II        ;404;SEX/;TRAD;0;0;0;0;0;;;;;
6976;DESEJU PASTEIS      ;404;SEX/;ROTA;0;0;0;0;0;;;;;
31103;REST CHURR  CAVALET ;405;SEG/;ROTA;0;0;0;0;0;;;;;
6240;SERGIO BAR          ;405;SEG/;ROTA;4;0;0;4;1;;;;;
2254;BAR ODORCICK        ;405;SEG/;ROTA;0;0;0;0;0;;;;;
30611;MINI MERCADO ADRIMAR;405;SEG/;TRAD;0;0;0;0;0;;;;;
5423;LANCHERIA CENTRAL   ;405;SEG/;ROTA;0;0;0;0;0;;;;;
6892;MEGAPLUS            ;405;SEG/;LC;0;0;0;0;0;;;;;
30585;MERCADO TUMELERO    ;405;SEG/;TRAD;0;0;0;0;0;;;;;
7216;CLEBER PIZZAS       ;405;SEG/;ROTA;0;0;0;0;0;;;;;
30589;MERC.  BALDISSEROTTO;405;SEG/;TRAD;0;0;0;0;0;;;;;
5481;BAR NICHETTI        ;405;SEG/;ROTA;0;0;0;0;0;;;;;
6975;BAR LANCHEIRA CAMARG;405;SEG/;ROTA;0;0;0;0;0;;;;;
6962;BAR CLUBE ROSARIO   ;405;SEG/;ROTA;0;0;0;0;0;;;;;
5955;POSTO POMPÉIA       ;405;SEG/;LC;0;0;0;0;0;;;;;
30592;LANCHERIA NICHETTI  ;405;SEG/;ROTA;0;0;0;0;0;;;;;
5602;SOCIEDADE SaO PEDRO ;405;SEG/;ROTA;0;0;0;0;0;;;;;
18655;CAPELA SAO PEDRO    ;405;SEG/;ROTA;0;0;0;0;0;;;;;
5169;MERCADO CARRER      ;405;SEG/;TRAD;0;0;0;0;0;;;;;
6922;SANTO ANTONIO       ;405;SEG/;ROTA;0;0;0;0;0;;;;;
3438;CAMPO FERRARI       ;405;SEG/;ROTA;0;0;0;0;0;;;;;
30607;BAR E ARMAZEM GAMILE;405;SEG/;TRAD;0;0;0;0;0;;;;;
6712;BAR MATIOLLO        ;405;SEG/;ROTA;0;0;0;0;0;;;;;
6211;BAR DA DUDA         ;405;SEG/;ROTA;0;0;0;0;0;;;;;
6973;CASA COLONIAL FETTER;405;SEG/;ROTA;0;0;0;0;0;;;;;
5979;ALAMEDA SOCIETY     ;405;SEG/;ROTA;0;0;0;0;0;;;;;
5492;BAR PADILHA         ;405;SEG/;ROTA;0;0;0;0;0;;;;;
1034;BOI NA BRASA        ;405;SEG/;TRAD;0;0;0;0;0;;;;;
6630;HORA DO LANCHES     ;405;SEG/;ROTA;0;0;0;0;0;;;;;
5079;MERCADO BASSORICI   ;405;SEG/;TRAD;0;0;0;0;0;;;;;
7075;DOG DALL DA GRUTA   ;405;SEG/;ROTA;0;0;0;0;0;;;;;
5527;REST FORNAZIER      ;405;SEG/;ROTA;0;0;0;0;0;;;;;
5970;MUNDO ANIMAL        ;405;SEG/;ROTA;0;0;0;0;0;;;;;
30876;ACOUGUE DO CHICO    ;405;SEG/;TRAD;0;0;0;0;0;;;;;
30874;RADICAL LANCHES     ;405;SEG/;ROTA;0;0;0;0;0;;;;;
30511;TENDA DO TREVO      ;405;TER/;ROTA;0;0;0;0;0;;;;;
7133;ASSOC SAO VALENTIN  ;405;TER/;ROTA;0;0;0;0;0;;;;;
6869;AMERICO POSSAMAI    ;405;TER/;ROTA;0;0;0;0;0;;;;;
4467;CAPELA SAO VALENTIN ;405;TER/;ROTA;0;0;0;0;0;;;;;
6330;AMIGOS DA BOCHA     ;405;TER/;ROTA;2;0;0;2;1;;;;;
31026;LANCHERIA FARIA LEMO;405;TER/;ROTA;0;0;0;0;0;;;;;
6609;RECANTO COLONIAL    ;405;TER/;ROTA;0;0;0;0;0;;;;;
1639;TENDA COBALCHINI    ;405;TER/;ROTA;0;0;0;0;0;;;;;
5632;BAR GABARDO         ;405;TER/;ROTA;0;0;0;0;0;;;;;
2098;CAPELA SANTO ANTONIO;405;TER/;ROTA;0;0;0;0;0;;;;;
31231;BAR ALCANTARA       ;405;TER/;ROTA;0;0;0;0;0;;;;;
4434;CAPELA LINHA DE MARI;405;TER/;ROTA;0;0;0;0;0;;;;;
6180;POSTO GAMBINO TUITI ;405;TER/;LC;0;0;0;0;0;;;;;
6894;TENDA DOS TRILHOS   ;405;TER/;ROTA;0;0;0;0;0;;;;;
1365;TENDA VIGO          ;405;TER/;TRAD;0;0;0;0;0;;;;;
30713;ARM TIROLES         ;405;TER/;TRAD;0;0;0;0;0;;;;;
1364;SABORES DA SERRA    ;405;TER/;TRAD;0;0;0;0;0;;;;;
2935;CARNES SAO VALENTIN ;405;TER/;TRAD;0;0;0;0;0;;;;;
6478;SA BUCCO            ;405;TER/;ROTA;0;0;0;0;0;;;;;
31025;SUPERMERCADO TOYANE ;405;TER/;TRAD;0;0;0;0;0;;;;;
25025;TENDA DO ALEMAO     ;405;TER/;ROTA;0;0;0;0;0;;;;;
30514;MERCADO BENVENUTTI  ;405;TER/;TRAD;0;0;0;0;0;;;;;
4730;REST RECANTO DOS ARC;405;TER/;ROTA;0;0;0;0;0;;;;;
5028;DIVOS BAR           ;405;TER/;ROTA;0;0;0;0;0;;;;;
6181;BANCA SALVADORI     ;405;TER/;TRAD;0;0;0;0;0;;;;;
30717;TENDA DO ALCIDES    ;405;TER/;ROTA;0;0;0;0;0;;;;;
30723;TENDA FERRADURA     ;405;TER/;ROTA;0;0;0;0;0;;;;;
6564;LANCHERIA DA MOTTA  ;405;TER/;ROTA;0;0;0;0;0;;;;;
6987;SOCIEDADE DE TUIUTY ;405;TER/;ROTA;0;0;0;0;0;;;;;
6913;ALTO DA SERRA PRODUT;405;TER/;ROTA;0;0;0;0;0;;;;;
7061;POSTO TUITY         ;405;TER/;LC;0;0;0;0;0;;;;;
3985;BAR ZANOVELLO       ;405;TER/;ROTA;0;0;0;0;0;;;;;
30715;LANCH.URBANEK       ;405;TER/;ROTA;0;0;0;0;0;;;;;
30312;LANCHER. CAINELLI   ;405;TER/;ROTA;0;0;0;0;0;;;;;
2007;CAPELA TUIUTI N SRA ;405;TER/;ROTA;0;0;0;0;0;;;;;
6118;SOC FARIA LEMOS     ;405;TER/;ROTA;0;0;0;0;0;;;;;
6964;LANCHERIA DO GIAN   ;405;TER/;ROTA;0;0;0;0;0;;;;;
5443;CLUDE PADEL TUIUTY  ;405;TER/;ROTA;0;0;0;0;0;;;;;
6825;TENDA DA MARI       ;405;TER/;ROTA;0;0;0;0;0;;;;;
7193;CLUBE LA BOMBONERA  ;405;TER/;ROTA;0;0;0;0;0;;;;;
30418;TAIGRES BAR         ;405;QUA/;ROTA;0;0;0;0;0;;;;;
30710;MERCADO DEI NOSTRE  ;405;QUA/;TRAD;0;0;0;0;0;;;;;
6649;ROTA444             ;405;QUA/;ROTA;0;0;0;0;0;;;;;
6146;POSTO DO VALE       ;405;QUA/;LC;0;0;0;0;0;;;;;
5435;EUROPA VINHOS       ;405;QUA/;ROTA;0;0;0;0;0;;;;;
30706;COMERCIAL STRENGINE ;405;QUA/;TRAD;0;0;0;0;0;;;;;
6415;FACCIN              ;405;QUA/;ROTA;0;0;0;0;0;;;;;
6423;BAR IVETE           ;405;QUA/;ROTA;0;0;0;0;0;;;;;
7195;ESCOLA P. MIGLIOR   ;405;QUA/;ROTA;0;0;0;0;0;;;;;
5302;ALUISIO CORBELINI   ;405;QUA/;ROTA;0;0;0;0;0;;;;;
6540;PANIZZI MONTE BELO  ;405;QUA/;ASR;0;0;0;0;0;;;;;
30671;BAR BELO MONTE      ;405;QUA/;ROTA;0;0;0;0;0;;;;;
6119;ROTA 444            ;405;QUA/;ROTA;0;0;0;0;0;;;;;
7083;FRANCESCO TRATTORIA ;405;QUA/;ROTA;0;0;0;0;0;;;;;
5797;ERNESTO RESTOBAR    ;405;QUA/;ROTA;0;0;0;0;0;;;;;
4403;PROCEDI SUB         ;405;QUA/;SUB;0;0;0;0;0;;;;;
7037;BELLA SIERRA GASTRO ;405;QUA/;ROTA;0;0;0;0;0;;;;;
4030;JAIME SASSI         ;405;QUA/;ROTA;0;0;0;0;0;;;;;
30688;BAR VIVAN           ;405;QUA/;ROTA;0;0;0;0;0;;;;;
30532;MERCADO REMUS       ;405;QUA/;ASR;0;0;0;0;0;;;;;
2167;VALE DOURADO        ;405;QUA/;TRAD;0;0;0;0;0;;;;;
6276;LANCHERIA DO ALEMAO ;405;QUA/;ROTA;0;0;0;0;0;;;;;
30540;LANCH. DO ALEMAO    ;405;QUA/;ROTA;0;0;0;0;0;;;;;
4382;MINIMERCADO VALDUGA ;405;QUA/;TRAD;0;0;0;0;0;;;;;
30539;LANCHERIADOG BAR    ;405;QUA/;ROTA;0;0;0;0;0;;;;;
30541;CAPELA SAO BRAZ     ;405;QUA/;ROTA;0;0;0;0;0;;;;;
30554;COOP. SANTA TEREZA  ;405;QUA/;TRAD;0;0;0;0;0;;;;;
6042;LANCHERIA DO POSTO  ;405;QUA/;TRAD;0;0;0;0;0;;;;;
4336;BAR DOS AMIGOS      ;405;QUA/;ROTA;0;0;0;0;0;;;;;
5287;CAP. NSA SRA POMPÉIA;405;QUA/;ROTA;0;0;0;0;0;;;;;
4085;BAR LAVA            ;405;QUA/;ROTA;0;0;0;0;0;;;;;
30702;CAPELA N.SRA. GRACAS;405;QUA/;ROTA;0;0;0;0;0;;;;;
2191;CASARAO             ;405;QUA/;ROTA;0;0;0;0;0;;;;;
1964;MERCADO SPLENDOR    ;405;QUA/;TRAD;0;0;0;0;0;;;;;
5870;MECARDO JK          ;405;QUI/;TRAD;0;0;0;0;0;;;;;
6043;MERCADO SILVEIRA    ;405;QUI/;TRAD;0;0;0;0;0;;;;;
6563;BAR DO ATÍLIO       ;405;QUI/;ROTA;0;0;0;0;0;;;;;
2113;BAR DA EVA          ;405;QUI/;ROTA;0;0;0;0;0;;;;;
4435;BAR ARMAZEN XIMANGO ;405;QUI/;TRAD;0;0;0;0;0;;;;;
5788;MINIMERCADO MARI    ;405;QUI/;TRAD;0;0;0;0;0;;;;;
6162;BAR DA SIMONE       ;405;QUI/;ROTA;0;0;0;0;0;;;;;
6503;CLAUDIO CARVALHO    ;405;QUI/;ROTA;0;0;0;0;0;;;;;
2479;REGINA BAPTISTELL   ;405;QUI/;TRAD;0;0;0;0;0;;;;;
4430;PIASETTA LANCHES    ;405;QUI/;ROTA;0;0;0;0;0;;;;;
6673;MERCADO TIBURSKI    ;405;QUI/;TRAD;0;0;0;0;0;;;;;
6917;MINI MERCADO ALTAIR ;405;QUI/;TRAD;0;0;0;0;0;;;;;
4853;BAR DA CLEO         ;405;QUI/;TRAD;0;0;0;0;0;;;;;
5414;BAR DA EDNA         ;405;QUI/;ROTA;0;0;0;0;0;;;;;
6624;LEONIR LANCHES      ;405;QUI/;ROTA;0;0;0;0;0;;;;;
6136;BAR CAMARGO         ;405;QUI/;ROTA;0;0;0;0;0;;;;;
7182;STILO BAR           ;405;QUI/;ROTA;0;0;0;0;0;;;;;
7086;BAR DO BIANCO       ;405;QUI/;ROTA;0;0;0;0;0;;;;;
7181;FRUTEIRA DA ROZE    ;405;QUI/;TRAD;0;0;0;0;0;;;;;
6350;RPN ALIMENTOS       ;405;QUI/;TRAD;0;0;0;0;0;;;;;
6107;MARINI BAR E ARMAZEM;405;QUI/;TRAD;0;0;0;0;0;;;;;
3865;BAR E LANC SERRANA  ;405;QUI/;TRAD;0;0;0;0;0;;;;;
90087;PER TUTTI LANCHES   ;405;QUI/;ROTA;0;0;0;0;0;;;;;
3866;TONIS BAR           ;405;QUI/;ROTA;0;0;0;0;0;;;;;
5833;BAR INSPETOR        ;405;QUI/;ROTA;0;0;0;0;0;;;;;
7191;DOM FELIPE PADARIA  ;405;QUI/;ROTA;0;0;0;0;0;;;;;
6359;BAR DO CHULAS       ;405;QUI/;ROTA;0;0;0;0;0;;;;;
6245;SANTOS CONVENIENCIA ;405;QUI/;ROTA;0;0;0;0;0;;;;;
4080;MISTER DOG          ;405;QUI/;ROTA;0;0;0;0;0;;;;;
6709;BAR ENTRE AMIGOS    ;405;SEX/;LC;0;0;0;0;0;;;;;
7160;BEBIDAS OURO VERDE  ;405;SEX/;ROTA;0;0;0;0;0;;;;;
6035;SD COMERCIO         ;405;SEX/;ROTA;0;0;0;0;0;;;;;
5296;FLORIPA LANCHES     ;405;SEX/;ROTA;0;0;0;0;0;;;;;
6726;MODELO LANCHES 2    ;405;SEX/;ROTA;0;0;0;0;0;;;;;
6971;EMPORIO DOS PAES E C;405;SEX/;ROTA;0;0;0;0;0;;;;;
5922;BAR ARMAZ SAO PEDRO ;405;SEX/;ROTA;0;2;0;2;1;;;;;
6495;BAR E LANCH DANIEL  ;405;SEX/;ROTA;0;0;0;0;0;;;;;
5677;CONFEITARIA LURDES  ;405;SEX/;TRAD;0;0;0;0;0;;;;;
2938;MERCADO MG          ;405;SEX/;TRAD;0;0;0;0;0;;;;;
5888;MERCADO DA CRIS     ;405;SEX/;TRAD;0;0;0;0;0;;;;;
4493;BAR ARMAZEM VITORIO ;405;SEX/;ROTA;0;0;0;0;0;;;;;
5231;ESTACAO DO LANCHE   ;405;SEX/;ROTA;0;0;0;0;0;;;;;
6721;ANDY S LANCHES      ;405;SEX/;ROTA;0;0;0;0;0;;;;;
4023;VALECIO BAR         ;405;SEX/;ROTA;0;0;0;0;0;;;;;
5889;NC JUSTINO          ;405;SEX/;TRAD;0;0;0;0;0;;;;;
30508;ARMAZEM SILVA       ;405;SEX/;TRAD;0;0;0;0;0;;;;;
6618;BARBEARIA BORGES    ;405;SEX/;ROTA;0;0;0;0;0;;;;;
6632;ARMAZEM DO ARI      ;405;SEX/;TRAD;0;0;0;0;0;;;;;
3240;CONCEICAO e SILV    ;405;SEX/;TRAD;0;0;0;0;0;;;;;
6887;BOTEQUIM DA ANA     ;405;SEX/;ROTA;0;0;0;0;0;;;;;
7034;CLAISO MARTINS LOPES;405;SEX/;ROTA;0;0;0;0;0;;;;;
3857;ESQUINAO LANCHES    ;405;SEX/;ROTA;0;0;0;0;0;;;;;
6188;OFICINA DO LANCHE   ;405;SEX/;ROTA;0;0;0;0;0;;;;;
4917;PAD E CONF TIA NEUSA;405;SEX/;TRAD;0;0;0;0;0;;;;;
6687;CONCEITO PAVAO      ;405;SEX/;ROTA;0;0;0;0;0;;;;;
5759;ARMAZEM RUBBO       ;405;SEX/;TRAD;0;0;0;0;0;;;;;
6923;DALCIR CAMERIN      ;405;SEX/;ROTA;0;0;0;0;0;;;;;
5552;BAR ZAUZA           ;405;SEX/;ROTA;0;0;0;0;0;;;;;
3741;SERRA CHOPP         ;405;SEX/;SUB;0;0;0;0;0;;;;;
6848;VICO SOCIETY        ;405;SEX/;ROTA;0;0;0;0;0;;;;;
6427;MATHIZZI PADARIA E C;405;SEX/;ROTA;0;0;0;0;0;;;;;
6598;FORTES CAFE         ;405;SEX/;ROTA;0;0;0;0;0;;;;;
5923;QUIOSQUE DA VILA    ;406;SEG/;ROTA;0;0;0;0;0;;;;;
1844;BAR E LANCH AVENIDA ;406;SEG/;ROTA;0;0;0;0;0;;;;;
4489;PADARIA DO SANTOS   ;406;SEG/;TRAD;0;0;0;0;0;;;;;
6583;JUWER BAR E LANCHEIR;406;SEG/;ROTA;0;0;0;0;0;;;;;
1351;ASSOCIACAO JUVENIL  ;406;SEG/;ROTA;0;0;0;0;0;;;;;
1504;BAR E ARMAZEN AULER ;406;SEG/;TRAD;0;0;0;0;0;;;;;
1299;REST ZIMMERMANN     ;406;SEG/;ROTA;0;0;0;0;0;;;;;
2413;KITREKO BAR e CHOPPE;406;SEG/;ROTA;0;0;0;0;0;;;;;
1317;REST SCHNEIDER      ;406;SEG/;ROTA;0;0;0;0;0;;;;;
5133;PEIXE DO PORTO REST.;406;SEG/;ROTA;0;0;0;0;0;;;;;
4923;PASTELARIA DA PRAÇA ;406;SEG/;ROTA;0;0;0;0;0;;;;;
6906;K-CHURRASCO         ;406;SEG/;ROTA;0;0;0;0;0;;;;;
6151;BAR DO BIGODE       ;406;SEG/;ROTA;0;0;0;0;0;;;;;
3065;LANCHERIA DO CUNHADO;406;SEG/;ROTA;0;0;0;0;0;;;;;
1300;LANCH BRAUN         ;406;SEG/;ROTA;0;0;0;0;0;;;;;
1319;SABORES DE FELIZ    ;406;SEG/;ROTA;0;0;0;0;0;;;;;
6898;ERA DO PASTEL       ;406;SEG/;ROTA;0;0;0;0;0;;;;;
7174;CABANAS             ;406;SEG/;ROTA;0;0;0;0;0;;;;;
4454;SORVETERIA FELIZ    ;406;SEG/;ROTA;0;0;0;0;0;;;;;
1302;FRUTEIRA FELIZ      ;406;SEG/;ROTA;0;0;0;0;0;;;;;
6686;ADEGA EMPORIUM      ;406;SEG/;LC;0;0;0;0;0;;;;;
6932;PADARIA ELISA       ;406;SEG/;ROTA;0;0;0;0;0;;;;;
6661;QUIOSQUE DO PETRACO ;406;SEG/;ROTA;0;0;0;0;0;;;;;
1200;BAR AR.AGNE.CONCE   ;406;TER/;TRAD;0;0;0;0;0;;;;;
1201;MERCADO DO LUI      ;406;TER/;TRAD;0;0;0;0;0;;;;;
7196;DOCE SABOR          ;406;TER/;ROTA;0;0;0;0;0;;;;;
3104;REST BELA VISTA     ;406;TER/;ROTA;0;0;0;0;0;;;;;
6230;BAR DO BAIXINHO     ;406;TER/;ROTA;0;0;0;0;0;;;;;
1203;ACOUG.MER.CAMINES   ;406;TER/;TRAD;0;0;0;0;0;;;;;
6391;SCHUSTER BIER       ;406;TER/;ROTA;0;0;0;0;0;;;;;
2238;HOTEL E REST. STEFFE;406;TER/;ROTA;0;0;0;0;0;;;;;
5397;SUSS BROT           ;406;TER/;TRAD;0;0;0;0;0;;;;;
5081;PONTO DA SINUCA     ;406;TER/;ROTA;0;0;0;0;0;;;;;
6942;IMPERIO LANCHES E BE;406;TER/;ROTA;0;0;0;0;0;;;;;
6590;IPE LANCHES         ;406;TER/;ROTA;0;0;0;0;0;;;;;
5511;O CELEIRO BAR&BILHAR;406;TER/;ROTA;0;0;0;0;0;;;;;
5362;BAR E ARMAZ. GUTH   ;406;TER/;ROTA;0;0;0;0;0;;;;;
5908;BAR ALEX            ;406;TER/;ROTA;0;0;0;0;0;;;;;
1188;PAD CONF BALZAN     ;406;TER/;TRAD;0;0;0;0;0;;;;;
5141;ESPACO WERNER       ;406;TER/;ROTA;0;0;0;0;0;;;;;
6705;LECKER CAFE         ;406;TER/;ROTA;0;0;0;0;0;;;;;
1187;BAR KUHN            ;406;TER/;ROTA;0;0;0;0;0;;;;;
1213;TRAILER AVENIDA     ;406;TER/;ROTA;0;0;0;0;0;;;;;
1760;NOVA ERA            ;406;TER/;ROTA;0;0;0;0;0;;;;;
5301;HODAH PUB           ;406;TER/;ROTA;0;0;0;0;0;;;;;
6593;MOTEL LUAR          ;406;TER/;ROTA;0;0;0;0;0;;;;;
4946;MATTO E AULER LTDA  ;406;TER/;TRAD;0;0;0;0;0;;;;;
7230;HODAH               ;406;TER/;ROTA;0;0;0;0;0;;;;;
5946;COMPODA LIRO        ;406;QUA/;ROTA;0;0;0;0;0;;;;;
7004;XIS DA LEO          ;406;QUA/;ROTA;0;0;0;0;0;;;;;
6513;BAR DA NINA         ;406;QUA/;ROTA;0;0;0;0;0;;;;;
5636;LANCHERIA DA MARLI  ;406;QUA/;ROTA;0;0;0;0;0;;;;;
3991;BAR HENZ            ;406;QUA/;ROTA;0;0;0;0;0;;;;;
6433;BEBIDAS BOM FIM     ;406;QUA/;ROTA;0;0;0;0;0;;;;;
1269;REST E LACH ZANLUCHI;406;QUA/;ROTA;0;0;0;0;0;;;;;
1403;FRUTEIRA ZIMMER     ;406;QUA/;TRAD;0;0;0;0;0;;;;;
7205;ESTRELAS DA MASSA   ;406;QUA/;ROTA;0;0;0;0;0;;;;;
5871;TENDA BOM PRINCÍPIO ;406;QUA/;TRAD;0;0;0;0;0;;;;;
6795;MINIMERCADO RAUBER  ;406;QUA/;TRAD;0;0;0;0;0;;;;;
4855;BETA SORV. E LANCH  ;406;QUA/;ROTA;0;0;0;0;0;;;;;
6468;PIZZARIA GIOVANELLE ;406;QUA/;ROTA;0;0;0;0;0;;;;;
5401;AGROPECUARA ECHSTEIN;406;QUA/;TRAD;0;0;0;0;0;;;;;
6739;CLUBE SAO JOSE      ;406;QUA/;ROTA;0;0;0;0;0;;;;;
6469;PONTO DAS FLORES    ;406;QUA/;ROTA;0;0;0;0;0;;;;;
6268;SABOR NA MESA       ;406;QUA/;ROTA;0;0;0;0;0;;;;;
3995;BAR E LANCH. CANIDIA;406;QUA/;ROTA;0;0;0;0;0;;;;;
6781;LP DELI MASSAS      ;406;QUA/;TRAD;0;0;0;0;0;;;;;
6751;CAMPO 7 NOVA COLUMBI;406;QUA/;ROTA;0;0;0;0;0;;;;;
6840;REST. BOM APPETIT   ;406;QUA/;ROTA;0;0;0;0;0;;;;;
6941;SABOR DIVINO        ;406;QUA/;ROTA;0;0;0;0;0;;;;;
6796;PADARIA GULOSEIMAS  ;406;QUA/;ROTA;0;0;0;0;0;;;;;
5449;BAR DO ANGST        ;406;QUA/;ROTA;0;0;0;0;0;;;;;
6830;ATACADO SORVETES    ;406;QUA/;ROTA;0;0;0;0;0;;;;;
1214;ARMAZEM DO NICO     ;406;QUI/;TRAD;0;0;0;0;0;;;;;
6723;TERRA S LANCHES     ;406;QUI/;ROTA;0;0;0;0;0;;;;;
5130;BAR APOLLO          ;406;QUI/;ROTA;0;0;0;0;0;;;;;
6073;MERCADO SCHUTZ      ;406;QUI/;TRAD;0;0;0;0;0;;;;;
6994;MERCADO DO IVANIR   ;406;QUI/;TRAD;0;0;0;0;0;;;;;
18237;PAULO N, BRUSTULIN  ;406;QUI/;ROTA;0;0;0;0;0;;;;;
5012;BAR DA JANETE       ;406;QUI/;ROTA;0;0;0;0;0;;;;;
1578;RES CHOP DO ALEMAO  ;406;QUI/;ROTA;0;0;0;0;0;;;;;
1857;ARMAZEM DO PAULINO  ;406;QUI/;TRAD;0;0;0;0;0;;;;;
2422;VETERANOS S.VENDELIN;406;QUI/;ROTA;0;0;0;0;0;;;;;
4217;QUIOSQUE SAO VENDELI;406;QUI/;ROTA;0;0;0;0;0;;;;;
6670;BAR e ARMAZEM DO IVO;406;QUI/;TRAD;0;0;0;0;0;;;;;
6610;MERCADO ZWIRTES     ;406;QUI/;TRAD;0;0;0;0;0;;;;;
2819;FRUTEIRA STEIN      ;406;QUI/;TRAD;0;0;0;0;0;;;;;
2665;FRUT SAO VENDELINO  ;406;QUI/;TRAD;0;0;0;0;0;;;;;
1343;PAD MERC SANT WENDEL;406;QUI/;TRAD;0;0;0;0;0;;;;;
5714;MIX BAR E CAFETERIA ;406;QUI/;ROTA;0;0;0;0;0;;;;;
1273;MERCADO KERBER      ;406;QUI/;TRAD;0;0;0;0;0;;;;;
4869;MERCADO MAGERL      ;406;QUI/;TRAD;0;0;0;0;0;;;;;
4831;MARIA REUS          ;406;QUI/;ROTA;0;0;0;0;0;;;;;
4671;ARMAZEM SHOCKMANS   ;406;QUI/;ROTA;0;0;0;0;0;;;;;
1378;REST. PE DA SERRA   ;406;QUI/;ROTA;0;0;0;0;0;;;;;
6298;BAR ENCONTRO        ;406;QUI/;ROTA;0;0;0;0;0;;;;;
1233;BAR ARM ARROIO FELIZ;406;SEX/;TRAD;0;0;0;0;0;;;;;
6930;BAR DA MAFALDA      ;406;SEX/;ROTA;0;0;0;0;0;;;;;
7123;MERCE LANCH BERNARDI;406;SEX/;TRAD;0;0;0;0;0;;;;;
7108;CHURRS.NOVA BRESCIA ;406;SEX/;ROTA;0;0;0;0;0;;;;;
6584;ESTACAO DA PIZZA    ;406;SEX/;ROTA;0;0;0;0;0;;;;;
5024;PADARIA DO JUCA     ;406;SEX/;ROTA;0;0;0;0;0;;;;;
1242;BAR DO SCHENEIDER   ;406;SEX/;ROTA;0;0;0;0;0;;;;;
6150;BAR PETRY           ;406;SEX/;ROTA;0;0;0;0;0;;;;;
6786;BAR JANERO          ;406;SEX/;ROTA;0;0;0;0;0;;;;;
5448;ARMAZEM MAKLEIN     ;406;SEX/;TRAD;0;0;0;0;0;;;;;
7208;REST COSTELAO       ;406;SEX/;ROTA;0;0;0;0;0;;;;;
6864;BIER EMPORIUM       ;406;SEX/;ROTA;0;0;0;0;0;;;;;
3383;POUSADA BIER HAUS   ;406;SEX/;ROTA;0;0;0;0;0;;;;;
5244;LANCHES RAMBO       ;406;SEX/;ROTA;0;0;0;0;0;;;;;
6875;BARAO BEBIDAS       ;406;SEX/;TRAD;0;0;0;0;0;;;;;
7170;AMERICA FUTEBOL CLUB;406;SEX/;ROTA;0;0;0;0;0;;;;;
3540;BAR CONCEICAO       ;406;SEX/;ROTA;0;0;0;0;0;;;;;
1235;GREMIO ESP ESCADINHA;406;SEX/;ROTA;0;0;0;0;0;;;;;
6883;PIRIS BAR           ;406;SEX/;ROTA;0;0;0;0;0;;;;;
1307;FRUTEIRA COLINA     ;406;SEX/;TRAD;0;0;0;0;0;;;;;
4801;MERCADO NENINHO     ;406;SEX/;TRAD;0;0;0;0;0;;;;;
6076;BAR E LANCHERIA KASP;406;SEX/;ROTA;0;0;0;0;0;;;;;
5770;ARMAZÉM BAUMBACH    ;406;SEX/;TRAD;0;0;0;0;0;;;;;
30167;REST.DALA COSTA     ;407;SEG/;ROTA;0;0;0;0;0;;;;;
30097;DE ROSSI LANCHES    ;407;SEG/;TRAD;0;0;0;0;0;;;;;
5757;SHOW BAR            ;407;SEG/;ROTA;0;0;0;0;0;;;;;
6656;PENSAO BETANIN      ;407;SEG/;ROTA;0;0;0;0;0;;;;;
30429;LANCH. PERERA       ;407;SEG/;ROTA;0;0;0;0;0;;;;;
2165;REST. RISO E FAGIOLI;407;SEG/;ROTA;0;0;0;0;0;;;;;
7080;LANCHERIA DAGMAR    ;407;SEG/;ROTA;0;0;0;0;0;;;;;
6691;BM ESTACIONAMENTO   ;407;SEG/;ROTA;0;0;0;0;0;;;;;
4690;BAR E REST.DO JULIO ;407;SEG/;ROTA;0;0;0;0;0;;;;;
6380;BAR ALIANCA         ;407;SEG/;ROTA;0;0;0;0;0;;;;;
3042;RESTAURANTE DE VILLA;407;SEG/;ROTA;0;0;0;0;0;;;;;
7159;PENTE FINO          ;407;SEG/;ROTA;0;0;0;0;0;;;;;
30085;INFERNAL LANCHES    ;407;SEG/;ROTA;0;0;0;0;0;;;;;
2828;RESTAURANTE DA GI   ;407;SEG/;ROTA;0;0;0;0;0;;;;;
5901;CASA SHOPPING       ;407;SEG/;ROTA;0;0;0;0;0;;;;;
2233;PIPA D'AGUA DIST.   ;407;SEG/;SUB;0;0;0;0;0;;;;;
5258;SOCIETY HUMAITA     ;407;SEG/;ROTA;0;0;0;0;0;;;;;
5885;BARBEARIA VELHO CAPI;407;SEG/;ROTA;0;0;0;0;0;;;;;
6594;PARADA OBRIGATORIA  ;407;SEG/;ROTA;0;0;0;0;0;;;;;
1111;PADARIA MORANGO     ;407;SEG/;ROTA;0;0;0;0;0;;;;;
30329;ATELLIER DA PIZZA   ;407;SEG/;ROTA;0;0;0;0;0;;;;;
1408;ZIGGY HAMBURGUERIA  ;407;SEG/;ROTA;0;0;0;0;0;;;;;
6428;GNOMORO BARBER LEGAC;407;SEG/;ROTA;0;0;0;0;0;;;;;
6521;LANCHERIA ELVA      ;407;SEG/;ROTA;2;0;0;2;1;;;;;
6807;SABOR DA SERRA      ;407;SEG/;ROTA;0;0;0;0;0;;;;;
1168;PAD. SANTO ANTONIO  ;407;SEG/;TRAD;0;0;0;0;0;;;;;
5911;SABOR CENTRAL       ;407;SEG/;ROTA;0;0;0;0;0;;;;;
6463;FRUTOS DE GOIAS 2   ;407;SEG/;ROTA;0;0;0;0;0;;;;;
1966;VIAJANDO NA MAIONESE;407;SEG/;ROTA;4;0;0;4;1;;;;;
30158;BRANDA S CONFEITARIA;407;SEG/;ROTA;0;0;0;0;0;;;;;
1942;PADARIA PINA        ;407;SEG/;TRAD;0;0;0;0;0;;;;;
6508;RESTAURANTE PICCOLI ;407;TER/;ROTA;0;0;0;0;0;;;;;
1099;LANCHERIA LIMA      ;407;TER/;ROTA;0;0;0;0;0;;;;;
30378;LANCH. CAPELESSO    ;407;TER/;ROTA;0;0;0;0;0;;;;;
6603;BISTRO DO WILL      ;407;TER/;ROTA;0;0;0;0;0;;;;;
3026;GOTA D'AGUA         ;407;TER/;SUB;0;0;0;0;0;;;;;
2574;MERCADO BARATAO     ;407;TER/;ASR;0;0;0;0;0;;;;;
30380;BAR E PEIXARIA JM   ;407;TER/;ROTA;0;0;0;0;0;;;;;
6629;JS                  ;407;TER/;ROTA;0;0;0;0;0;;;;;
5163;BAR DO POLACO       ;407;TER/;ROTA;0;0;0;0;0;;;;;
6401;BAR E LANCH AVENIDA ;407;TER/;ROTA;0;0;0;0;0;;;;;
7024;RECANTO DAS TAQUARAS;407;TER/;ROTA;0;0;0;0;0;;;;;
6566;PADARIA DOCE SABOR  ;407;TER/;ROTA;0;0;0;0;0;;;;;
3708;CTG LACOS DA AMIZADE;407;TER/;ROTA;0;0;0;0;0;;;;;
3453;JURUNA'S BAR        ;407;TER/;ROTA;0;0;0;0;0;;;;;
7186;PRETA LANCHES       ;407;TER/;ROTA;0;0;0;0;0;;;;;
5282;TIAGO RODAS         ;407;TER/;ROTA;0;0;0;0;0;;;;;
7030;TAFFAREL AGROPET    ;407;TER/;ROTA;0;0;0;0;0;;;;;
5038;BAR SPEROTTO        ;407;TER/;ROTA;0;0;0;0;0;;;;;
1170;PADARIA CAPELESO    ;407;TER/;TRAD;0;0;0;0;0;;;;;
2170;BORRACHARIA BOCH    ;407;TER/;ROTA;0;0;0;0;0;;;;;
7200;BURGUESA BARBEARIA  ;407;TER/;ROTA;0;0;0;0;0;;;;;
6257;GILMAR PASINI       ;407;TER/;TRAD;0;0;0;0;0;;;;;
5864;BAR DO PELEGO       ;407;TER/;ROTA;0;0;0;0;0;;;;;
7066;TRAILER DO LUIS     ;407;TER/;ROTA;0;0;0;0;0;;;;;
30747;LANCHERIA POSSAMAI  ;407;TER/;ROTA;0;0;0;0;0;;;;;
6790;SAATTO COM ALIMENTOS;407;TER/;TRAD;0;0;0;0;0;;;;;
6570;HAPPY DOG VICO      ;407;TER/;ROTA;0;0;0;0;0;;;;;
30172;SUSFA               ;407;TER/;ROTA;0;0;0;0;0;;;;;
5093;PHANTON ACADEMIA    ;407;TER/;ROTA;0;0;0;0;0;;;;;
30393;ARMAZEM TAFFAREL    ;407;TER/;TRAD;0;0;0;0;0;;;;;
30872;ARMAZEM DO JICA     ;407;TER/;TRAD;0;0;0;0;0;;;;;
6640;ARENA BEACH SPORTS  ;407;QUA/;ROTA;0;0;0;0;0;;;;;
4226;REST ROSMARINO      ;407;QUA/;ROTA;0;0;0;0;0;;;;;
2607;DONA SALE BAR E REST;407;QUA/;ROTA;0;0;0;0;0;;;;;
30108;BAR LANCHER ZOOM    ;407;QUA/;ROTA;2;0;0;2;1;;;;;
30101;BAR ALAMINUTA       ;407;QUA/;ROTA;0;0;0;0;0;;;;;
7175;CANTINA RESTAURANTE ;407;QUA/;ROTA;0;0;0;0;0;;;;;
30420;BAR DO POLACO       ;407;QUA/;TRAD;0;0;0;0;0;;;;;
6407;PARADA DO JACA      ;407;QUA/;ROTA;0;0;0;0;0;;;;;
6408;AÇOUGUE PREÇO BOM   ;407;QUA/;TRAD;0;0;0;0;0;;;;;
5368;BAR E ARMAZ. BONETTI;407;QUA/;TRAD;0;0;0;0;0;;;;;
5660;MINIMERCADO NUNES   ;407;QUA/;TRAD;0;0;0;0;0;;;;;
7074;AGUA VIVA BAR       ;407;QUA/;ROTA;0;0;0;0;0;;;;;
7167;MINIMERCADO SEVERO  ;407;QUA/;TRAD;0;0;0;0;0;;;;;
1056;BAR DA SILVA        ;407;QUA/;ROTA;0;0;0;0;0;;;;;
4286;BAR DO VANDERLEI    ;407;QUA/;ROTA;0;0;0;0;0;;;;;
6147;BAR MINIMERC KINKAS ;407;QUA/;TRAD;0;0;0;0;0;;;;;
6896;STUDIO BRUNA BATISTA;407;QUA/;ROTA;0;0;0;0;0;;;;;
6674;NEW LANCHES         ;407;QUA/;ROTA;0;0;0;0;0;;;;;
6859;TATU S BAR          ;407;QUA/;ROTA;0;0;0;0;0;;;;;
5498;MINIMERCADO MOSCATO ;407;QUA/;TRAD;0;0;0;0;0;;;;;
6163;BAR DO TIO MIRO     ;407;QUA/;ROTA;0;0;0;0;0;;;;;
5323;LANCHEIRA BOM SABOR ;407;QUA/;ROTA;0;0;0;0;0;;;;;
5812;MINI MERC MUNICIPAL ;407;QUA/;TRAD;0;0;0;0;0;;;;;
6648;MERCADO MUNICIPAL 2 ;407;QUA/;TRAD;0;0;0;0;0;;;;;
6745;LANCHERIA SHINAIDE  ;407;QUA/;ROTA;0;0;0;0;0;;;;;
5479;BAR DA TITA         ;407;QUA/;ROTA;0;0;0;0;0;;;;;
6838;MERCADO DA SALETE   ;407;QUA/;TRAD;0;0;0;0;0;;;;;
5621;CASA CARNES TRADICAO;407;QUA/;TRAD;0;0;0;0;0;;;;;
6879;BAR DO GRAXA        ;407;QUA/;ROTA;0;0;0;0;0;;;;;
5676;CANTINHO DO PÃO     ;407;QUA/;TRAD;0;0;0;0;0;;;;;
6394;BAR DO NESTOR       ;407;QUA/;ROTA;0;0;0;0;0;;;;;
6492;BAR DA KETHI        ;407;QUA/;ROTA;0;0;0;0;0;;;;;
4373;BAR DO MILANI       ;407;QUA/;ROTA;0;0;0;0;0;;;;;
6744;QUIOSQ DO VALE      ;407;QUA/;ROTA;0;0;0;0;0;;;;;
6850;RESTAURANTE  PARDAL ;407;QUA/;ROTA;0;0;0;0;0;;;;;
30300;BAR ARMAZEM POMAROSA;407;QUA/;TRAD;0;0;0;0;0;;;;;
5255;BUENOS BAR          ;407;QUI/;ROTA;0;0;0;0;0;;;;;
5140;SITIO DO PICCOLI    ;407;QUI/;ROTA;0;0;0;0;0;;;;;
4482;PICCOLI LANCHES     ;407;QUI/;ROTA;0;0;0;0;0;;;;;
7209;PICCOLI DELIVERY    ;407;QUI/;ROTA;0;0;0;0;0;;;;;
90041;CAMILO DALCIN ALVES ;407;QUI/;ROTA;0;0;0;0;0;;;;;
5755;BAR MARINI          ;407;QUI/;ROTA;0;0;0;0;0;;;;;
3089;PLANETA LANCHES     ;407;QUI/;ROTA;0;0;0;0;0;;;;;
6639;LANCHERIA DA MARI   ;407;QUI/;ROTA;0;0;0;0;0;;;;;
1433;VECCHIA NONNA       ;407;QUI/;ROTA;0;0;0;0;0;;;;;
90029;BAR DA TERE         ;407;QUI/;ROTA;0;0;0;0;0;;;;;
2181;LANCHERIA DO GINASIO;407;QUI/;ROTA;0;0;0;0;0;;;;;
3041;CTG LACO VELHO      ;407;QUI/;ROTA;0;0;0;0;0;;;;;
4187;BAR BELUSSO         ;407;QUI/;ROTA;0;0;0;0;0;;;;;
6128;PESCA SEM LIMITE    ;407;QUI/;ROTA;0;0;0;0;0;;;;;
6846;WAM COMERCIALIZACAO ;407;QUI/;ROTA;0;0;0;0;0;;;;;
6904;TECCHIO SABOR CASEIR;407;QUI/;ROTA;0;0;0;0;0;;;;;
7173;PLANETA LANCHES     ;407;QUI/;ROTA;0;0;0;0;0;;;;;
5741;ARMAZEM SPEROTTO    ;407;QUI/;TRAD;0;0;0;0;0;;;;;
4726;PERALTA LANCHES     ;407;QUI/;ROTA;0;0;0;0;0;;;;;
4938;PADARIA BAGNARA     ;407;QUI/;ROTA;0;0;0;0;0;;;;;
7164;MAMUELI LANCHES     ;407;QUI/;ROTA;0;0;0;0;0;;;;;
4627;ASSOCIACAO DA BOCHA ;407;QUI/;ROTA;0;0;0;0;0;;;;;
5519;BAR DO NEGRO        ;407;QUI/;ROTA;0;0;0;0;0;;;;;
4017;LANC DI BERNARDO    ;407;QUI/;ROTA;0;0;0;0;0;;;;;
3706;BOLICHE SUSFA       ;407;QUI/;ROTA;0;0;0;0;0;;;;;
30007;COM.VINHOSTANCINI   ;407;SEX/;ROTA;0;0;0;0;0;;;;;
1163;EMF LINDENOR BIFFE  ;407;SEX/;ROTA;0;0;0;0;0;;;;;
7085;BAR DO CABELO       ;407;SEX/;ROTA;2;0;0;2;1;;;;;
3131;PONTO X             ;407;SEX/;ROTA;0;0;0;0;0;;;;;
2448;EM BAR E REST PAIOL ;407;SEX/;ROTA;0;0;0;0;0;;;;;
6055;BELA VISTA          ;407;SEX/;ROTA;0;0;0;0;0;;;;;
31223;BAR DO BETO         ;407;SEX/;ROTA;0;0;0;0;0;;;;;
6440;MARIA LANCHES       ;407;SEX/;ROTA;0;0;0;0;0;;;;;
4802;DONA PINA           ;407;SEX/;TRAD;0;0;0;0;0;;;;;
6509;ELO LANCHES         ;407;SEX/;ROTA;0;0;0;0;0;;;;;
7214;GINASIO SAO ROQUE   ;407;SEX/;ROTA;0;0;0;0;0;;;;;
2477;CTG GAUDERIO SERRANO;407;SEX/;ROTA;0;0;0;0;0;;;;;
5305;BAR DE MARI         ;407;SEX/;ROTA;0;0;0;0;0;;;;;
6599;BAR FAVARETTO       ;407;SEX/;ROTA;0;0;0;0;0;;;;;
6541;PARADA DO SABOR     ;407;SEX/;ROTA;0;0;0;0;0;;;;;
4852;BAR DO BONATTO      ;407;SEX/;ROTA;0;0;0;0;0;;;;;
6185;MINIMERC SABOR REAL ;407;SEX/;TRAD;0;0;0;0;0;;;;;
30486;FRUT FACHINELLI     ;407;SEX/;TRAD;0;0;0;0;0;;;;;
6901;DA COLINA REFEICOES ;407;SEX/;ROTA;0;0;0;0;0;;;;;
5430;BARBEARIA SAO ROQUE ;407;SEX/;ROTA;0;0;0;0;0;;;;;
6641;Lancheira BAUM      ;407;SEX/;ROTA;0;0;0;0;0;;;;;
30966;CHURR. FERRADURA    ;407;SEX/;ROTA;0;0;0;0;0;;;;;
6752;RESTAUR CAMINHONEIRO;407;SEX/;ROTA;0;0;0;0;0;;;;;
30471;BAR ALVI AZUL       ;407;SEX/;TRAD;0;0;0;0;0;;;;;
2572;BAR CANAL           ;407;SEX/;ROTA;0;0;0;0;0;;;;;
5679;POR DO SOL  SOCIETY ;407;SEX/;ROTA;0;0;0;0;0;;;;;
7219;MAJOLO PIZZA E DELIV;407;SEX/;ROTA;0;0;0;0;0;;;;;
6933;PRIMAZIA CENTRO     ;408;SEG/;ROTA;0;0;0;0;0;;;;;
3037;BENE ALIANCA        ;408;SEG/;ROTA;0;0;0;0;0;;;;;
5589;XIS SaO FRANCISCO   ;408;SEG/;ROTA;0;0;0;0;0;;;;;
5835;BOB S BENTO         ;408;SEG/;ROTA;0;0;0;0;0;;;;;
3324;DOLCE GUSTO CENTRO  ;408;SEG/;ROTA;0;0;0;0;0;;;;;
30456;LANCH. PORTUGUESA   ;408;SEG/;ROTA;4;0;0;4;1;;;;;
6475;PRIMAZIA            ;408;SEG/;ROTA;0;0;0;0;0;;;;;
5441;LA MADRE COCINA MEX ;408;SEG/;ROTA;0;0;0;0;0;;;;;
30751;ATALAIA             ;408;SEG/;ROTA;0;2;0;2;1;;;;;
6809;FENA WINE BAR       ;408;SEG/;ROTA;0;0;0;0;0;;;;;
31054;TRATTORIA DO SABOR  ;408;SEG/;ROTA;0;0;0;0;0;;;;;
3077;REST PERMANGIARE    ;408;SEG/;ROTA;0;0;0;0;0;;;;;
4921;CASA ANGELO RESTAURA;408;SEG/;ROTA;0;2;0;2;1;;;;;
6856;FAMILIA CARRER      ;408;SEG/;ROTA;0;0;0;0;0;;;;;
5395;CASA FRACALOSSI     ;408;SEG/;ROTA;0;0;0;0;0;;;;;
6532;STRAPAZZON RESTAURAN;408;SEG/;ROTA;0;2;0;2;1;;;;;
6667;CASA DAS CUCAS      ;408;SEG/;ROTA;0;0;0;0;0;;;;;
30598;REST. NONA LUDIA    ;408;SEG/;ROTA;0;0;0;0;0;;;;;
4272;Q PALATO PIZZARIA   ;408;TER/;ROTA;0;0;0;0;0;;;;;
6735;NOMAD LOUNGE        ;408;TER/;ROTA;0;0;0;0;0;;;;;
4425;SIERRA BURGUER      ;408;TER/;ROTA;0;0;0;0;0;;;;;
6034;DISTRICT BG         ;408;TER/;ROTA;0;0;0;0;0;;;;;
6020;AGRATTO RESTAURANTE ;408;TER/;ROTA;0;0;0;0;0;;;;;
5543;CONTAINER LANCHES   ;408;TER/;ROTA;0;0;0;0;0;;;;;
6381;PLACE PIZZARIA      ;408;TER/;ROTA;0;0;0;0;0;;;;;
5075;DECK PUB BAR        ;408;TER/;ROTA;0;0;0;0;0;;;;;
5811;CROASONHO CAFE BG   ;408;TER/;ROTA;0;0;0;0;0;;;;;
6773;FRIGORS BENTO       ;408;TER/;SUB;0;0;0;0;0;;;;;
6383;BELIAS PUB          ;408;TER/;ROTA;0;0;0;0;0;;;;;
5729;TACO PUB            ;408;TER/;ROTA;0;0;0;0;0;;;;;
7056;SEIKO SUSHI E GASTRO;408;TER/;ROTA;0;0;0;0;0;;;;;
30117;CHUR. IPIRANGA      ;408;TER/;ROTA;2;0;0;2;1;;;;;
30647;BENE MANGIARE RESTAU;408;TER/;ROTA;0;0;0;0;0;;;;;
3051;BOTECO SPORTS LTDA  ;408;TER/;ROTA;0;4;0;4;1;;;;;
6127;TREMBAO GASTRO BAR  ;408;TER/;ROTA;0;0;0;0;0;;;;;
90102;RESTAURANTE  ESTAÇÃO;408;TER/;ROTA;0;0;0;0;0;;;;;
5978;HOUSE RESTAURANTE   ;408;TER/;ROTA;0;0;0;0;0;;;;;
4860;KATSU SUSHI         ;408;TER/;ROTA;0;0;0;0;0;;;;;
30739;H.DALLONDER VICTORIA;408;TER/;ROTA;0;0;0;0;0;;;;;
5840;CAFE LAMERICA       ;408;TER/;ROTA;0;0;0;0;0;;;;;
90039;CASA RIGO           ;408;TER/;ROTA;0;0;0;0;0;;;;;
6139;PADDLE SANTO ANTAO  ;408;TER/;ROTA;0;0;0;0;0;;;;;
6192;RESTAURANTE VIDEIRAS;408;QUA/;ROTA;0;0;0;0;0;;;;;
1752;REST ZANDONAI       ;408;QUA/;ROTA;0;0;0;0;0;;;;;
6574;CASA GIORDANI       ;408;QUA/;ROTA;0;0;0;0;0;;;;;
6820;PRIMAZIA VALLE      ;408;QUA/;ROTA;0;0;0;0;0;;;;;
5041;RESTAURANTE SBORNEAS;408;QUA/;ROTA;0;0;0;0;0;;;;;
30557;HOTEL VILLA MECHELON;408;QUA/;ROTA;0;0;0;0;0;;;;;
6819;BEGAMO RESTAURANTE  ;408;QUA/;ROTA;0;0;0;0;0;;;;;
5651;ENGENHO DO VALE     ;408;QUA/;ROTA;0;0;0;0;0;;;;;
6524;LAPA LOUNGE         ;408;QUA/;ROTA;0;0;0;0;0;;;;;
4429;D JAY MUSIC BAR     ;408;QUI/;ROTA;0;0;0;0;0;;;;;
5306;PIZZARIA BELGRANO   ;408;QUI/;ROTA;0;0;0;0;0;;;;;
30335;HOTEL DALL ONDER    ;408;QUI/;ROTA;0;0;0;0;0;;;;;
6476;QUIERO CAFÉ         ;408;QUI/;ROTA;0;0;0;0;0;;;;;
6453;PRIMAZIA CAFE & GOUR;408;QUI/;ROTA;0;0;0;0;0;;;;;
3278;BOTEQUIM SAO BENTO  ;408;QUI/;ROTA;0;0;0;0;0;;;;;
5173;CASA MODENA         ;408;QUI/;ROTA;0;0;0;0;0;;;;;
31215;QUEENS BAR          ;408;QUI/;ROTA;0;4;0;4;1;;;;;
5037;YOKO LOUNGE SUSHI   ;408;QUI/;ROTA;0;0;0;0;0;;;;;
3707;MAMMA GEMA TRATORIA ;408;QUI/;ROTA;0;0;0;0;0;;;;;
7119;ACAI CONCEPT        ;408;QUI/;ROTA;0;0;0;0;0;;;;;
30293;DOLCE GUSTO         ;408;QUI/;ROTA;0;0;0;0;0;;;;;
30764;PIZZARIA DOM PEPE   ;408;QUI/;ROTA;0;0;0;0;0;;;;;
1394;PADDLE ONE          ;408;QUI/;ROTA;0;0;0;0;0;;;;;
6481;DEVEREDA RESTAURANTE;408;QUI/;ROTA;0;0;0;0;0;;;;;
6811;BODEGA OTTONE PLANAL;408;QUI/;ROTA;0;0;0;0;0;;;;;
6912;DI RONI PIZZARIA    ;408;QUI/;ROTA;0;0;0;0;0;;;;;
6911;NIWA SUSHI          ;408;QUI/;ROTA;0;0;0;0;0;;;;;
6194;SAPORE SUBLIME      ;408;QUI/;ROTA;0;0;0;0;0;;;;;
31216;LA TRADICION        ;408;QUI/;ROTA;0;0;0;0;0;;;;;
6560;FREI PASTELARIA     ;408;QUI/;ROTA;0;0;0;0;0;;;;;
7099;CHANG THAI          ;408;QUI/;ROTA;0;0;0;0;0;;;;;
5365;BAMBOO LOUNGE       ;408;QUI/;ROTA;0;0;0;0;0;;;;;
1950;BANGALO BAR         ;408;QUI/;ROTA;0;0;0;0;0;;;;;
2320;FARINA PARK HOTEL   ;408;SEX/;ROTA;0;0;0;0;0;;;;;
7166;VALLEN BURGUER      ;408;SEX/;ROTA;0;0;0;0;0;;;;;
18558;RESTAUR.BUTELINHO   ;408;SEX/;ROTA;0;0;0;0;0;;;;;
6567;LA SPEZIA DELICATESS;408;SEX/;TRAD;0;0;0;0;0;;;;;
18035;Q DELICIA           ;408;SEX/;TRAD;0;0;0;0;0;;;;;
6198;AL CAPONE PIZZARIA  ;408;SEX/;ROTA;0;0;0;0;0;;;;;
5553;PIZZARIA ROTA 453   ;408;SEX/;ROTA;0;0;0;0;0;;;;;
4676;BOTECO ANTONIELLE   ;408;SEX/;ROTA;0;0;0;0;0;;;;;
5420;QUINTAL DA PARRILLA ;408;SEX/;ROTA;0;0;0;0;0;;;;;
6675;REST. ANTONIELE     ;408;SEX/;ROTA;0;0;0;0;0;;;;;
6081;PARQUE DOS PINHEIROS;408;SEX/;ROTA;0;0;0;0;0;;;;;
3569;BOTECO DO CHA       ;408;SEX/;ROTA;0;0;0;0;0;;;;;
3633;REST CAMINHO DO TREM;408;SEX/;ROTA;0;0;0;0;0;;;;;
90088;DOM CAFE CAFETERIA  ;408;SEX/;ROTA;0;0;0;0;0;;;;;
6309;QUIERO CAFE         ;408;SEX/;ROTA;0;0;0;0;0;;;;;
3737;RESTAURANTE FIRENZE ;408;SEX/;ROTA;0;0;0;0;0;;;;;
6619;CROASONHO CAFE FARR ;408;SEX/;ROTA;0;0;0;0;0;;;;;
18523;GALETO FELTRIN      ;408;SEX/;ROTA;0;0;0;0;0;;;;;
18535;RONDA CHARRUA       ;408;SEX/;ROTA;0;0;0;0;0;;;;;
6967;SPAZIO7 CAFFE       ;408;SEX/;ROTA;0;0;0;0;0;;;;;
1742;POSTO CAVALLERI     ;501;SEG/;LC;0;0;0;0;0;;;;;
2817;POSTO SILVESTRIN    ;501;SEG/;LC;0;0;0;0;0;;;;;
2835;POSTO SANDER        ;501;SEG/;LC;0;0;0;0;0;;;;;
18618;MERCADO DE CESARO   ;501;SEG/;ASR;0;0;0;0;0;;;;;
18139;MERCADO TURCHETTO   ;501;SEG/;TRAD;0;0;0;0;0;;;;;
18576;ARMAZEM  CARRARO    ;501;SEG/;ASR;0;0;0;0;0;;;;;
2222;MERCADO TUPAN       ;501;SEG/;TRAD;0;0;0;0;0;;;;;
6986;MERCADO PERIN       ;501;SEG/;ASR;0;0;0;0;0;;;;;
18543;REGINATO BEBIDAS    ;501;SEG/;SUB;0;0;0;0;0;;;;;
18136;SUPERMERCADO 273    ;501;SEG/;TRAD;0;0;0;0;0;;;;;
18174;ALEXANDRE MERCADO   ;501;SEG/;TRAD;0;0;0;0;0;;;;;
1899;MERCADO SICHINEL    ;501;SEG/;ASR;0;0;0;0;0;;;;;
30350;ARMAZEM CUZIN       ;501;TER/;ASR;0;0;0;0;0;;;;;
30351;SUPERM. CESCA       ;501;TER/;ASR;0;0;0;0;0;;;;;
30354;SUPERMER TREVISAN   ;501;TER/;ASR;0;0;0;0;0;;;;;
30325;MERCADO GEREMIA     ;501;TER/;TRAD;0;0;0;0;0;;;;;
2787;MISTURA FINA        ;501;TER/;LC;0;0;0;0;0;;;;;
7001;DI FRANCISCO        ;501;TER/;TRAD;0;0;0;0;0;;;;;
6249;GAMBINO SAO FRANCISC;501;TER/;LC;0;0;0;0;0;;;;;
30184;MERCADO CARBONERA   ;501;TER/;ASR;0;0;0;0;0;;;;;
6474;QUIERO BEBER        ;501;TER/;LC;0;0;0;0;0;;;;;
30164;SUPER.MER. FAVRETTO ;501;TER/;ASR;0;0;0;0;0;;;;;
30865;MERCADO CONCI       ;501;TER/;TRAD;0;0;0;0;0;;;;;
6341;KIT DOS GURI        ;501;TER/;LC;0;0;0;0;0;;;;;
5538;BELTRAM E COMIN     ;501;TER/;TRAD;0;0;0;0;0;;;;;
5544;POSTO SHOPPING      ;501;TER/;LC;0;0;0;0;0;;;;;
6692;SERRA POINT         ;501;TER/;LC;0;0;0;0;0;;;;;
2531;MERCADO CAGE        ;501;TER/;TRAD;0;0;0;0;0;;;;;
5295;MERCADO SAO JOAO    ;501;TER/;ASR;0;0;0;0;0;;;;;
30396;SUPER SANTA CLARA   ;501;TER/;ASR;0;0;0;0;0;;;;;
30873;MINI MERC CALIFORNIA;501;QUA/;TRAD;0;0;0;0;0;;;;;
1174;DELICIAS CASSEIRAS  ;501;QUA/;TRAD;0;0;0;0;0;;;;;
5325;POSTO DR CASAGRANDE ;501;QUA/;LC;0;0;0;0;0;;;;;
30288;MERCADO MARTINELLI  ;501;QUA/;TRAD;0;0;0;0;0;;;;;
31004;MERCADO SUPER BOM   ;501;QUA/;TRAD;0;0;0;0;0;;;;;
6779;MERCADO CONCEICAO   ;501;QUA/;TRAD;0;0;0;0;0;;;;;
30295;MERCADO VISTA ALEGRE;501;QUA/;TRAD;0;0;0;0;0;;;;;
5940;MERCADO VISTA ALEGRE;501;QUA/;TRAD;0;0;0;0;0;;;;;
3541;SUPERMERCAD TONIETTO;501;QUA/;ASR;0;0;0;0;0;;;;;
30962;MINIMERC. JUVENTUDE ;501;QUA/;ASR;0;0;0;0;0;;;;;
30417;MERCADO DELMIRO     ;501;QUA/;ASR;0;0;0;0;0;;;;;
30480;HUNGRY TIGER LJ CONV;501;QUA/;LC;0;0;0;0;0;;;;;
3442;POSTO SAO ROQUE     ;501;QUA/;LC;0;0;0;0;0;;;;;
5155;MERCADO UNIAO       ;501;QUA/;ASR;0;0;0;0;0;;;;;
18004;AUTO POSTO BENVENUTT;501;QUI/;LC;0;0;0;0;0;;;;;
90059;GOLE CERTO          ;501;QUI/;LC;0;2;0;2;1;;;;;
18274;POSTO DA JULIO      ;501;QUI/;LC;0;0;0;0;0;;;;;
5819;POSTO CAMMINO       ;501;QUI/;LC;0;0;0;0;0;;;;;
4832;AGHORA CONVENIENCIA ;501;QUI/;LC;0;0;0;0;0;;;;;
6949;KAVALEK             ;501;QUI/;LC;0;0;0;0;0;;;;;
7127;EMPORIO DAS CARNES  ;501;QUI/;TRAD;0;0;0;0;0;;;;;
2038;FRUTEIRA DO PARQUE  ;501;QUI/;ASR;0;0;0;0;0;;;;;
5156;FACHINI BEBIDAS     ;501;QUI/;SUB;0;0;0;0;0;;;;;
2309;NICOLETT COMBUSTÍVEI;501;QUI/;LC;0;0;0;0;0;;;;;
30575;SUPERMERCADO LUCHESE;501;QUI/;ASR;0;0;0;0;0;;;;;
5060;CAVALLERI FILIAL 3  ;501;QUI/;LC;0;0;0;0;0;;;;;
2946;MERCADO DAL MOLIN   ;501;QUI/;TRAD;0;0;0;0;0;;;;;
5859;POSTO GAMBINO FENAVI;501;QUI/;LC;0;0;0;0;0;;;;;
18626;MERCADO PERONI      ;501;QUI/;TRAD;0;0;0;0;0;;;;;
31122;MERCADO MORTARI     ;501;QUI/;ASR;0;0;0;0;0;;;;;
1853;KAPPES              ;501;SEX/;TRAD;0;0;0;0;0;;;;;
30802;MERCADO ZORZETTO    ;501;SEX/;ASR;0;0;0;0;0;;;;;
2713;MERCADO CARDOSO     ;501;SEX/;TRAD;0;0;0;0;0;;;;;
1180;MERC.ALIM. LUGAMA   ;501;SEX/;ASR;0;0;0;0;0;;;;;
30799;BAR ARM. ZAIR       ;501;SEX/;TRAD;0;0;0;0;0;;;;;
1073;MERCADO LEOVAL      ;501;SEX/;ASR;0;0;0;0;0;;;;;
30234;MERCADO TOMAZINI    ;501;SEX/;TRAD;0;0;0;0;0;;;;;
4537;MERCADO SARTORI     ;501;SEX/;TRAD;0;0;0;0;0;;;;;
6010;POSTO SANTA MARTA   ;501;SEX/;LC;0;0;0;0;0;;;;;
6557;RECANTO DITALIA     ;501;SEX/;TRAD;0;0;0;0;0;;;;;
30789;MERCADO TROIAN      ;501;SEX/;TRAD;0;0;0;0;0;;;;;
30220;MERCADO CASANOSTRA  ;501;SEX/;TRAD;0;0;0;0;0;;;;;
30965;MERCAD STA HELENA IV;501;SEX/;ASR;0;0;0;0;0;;;;;
5742;LA PRIMA            ;501;SEX/;TRAD;0;0;0;0;0;;;;;
5977;POSTO BUFFON 83     ;502;SEG/;LC;0;0;0;0;0;;;;;
6622;O MERCADINHO        ;502;SEG/;ASR;0;0;0;0;0;;;;;
1089;MERC E ACOU WEBER   ;502;SEG/;ASR;0;0;0;0;0;;;;;
1349;MINI MERC FELTES    ;502;SEG/;ASR;0;0;0;0;0;;;;;
6367;SUPER FELIZ         ;502;SEG/;TRAD;0;0;0;0;0;;;;;
6429;POSTOS CHOPPAO      ;502;SEG/;LC;0;0;0;0;0;;;;;
6847;CASA D CARNES SEHNEM;502;SEG/;ASR;0;0;0;0;0;;;;;
7143;STOP 24 HORAS       ;502;SEG/;LC;0;0;0;0;0;;;;;
5964;Posto Choppao F4    ;502;SEG/;LC;0;0;0;0;0;;;;;
1181;SUPER MATHIEL       ;502;SEG/;ASR;0;0;0;0;0;;;;;
4063;BAR E ARMAZEM ALCEU ;502;SEG/;TRAD;0;0;0;0;0;;;;;
1234;BBL MINIMERCADO     ;502;SEG/;TRAD;0;0;0;0;0;;;;;
6998;RODA III            ;502;SEG/;LC;0;0;0;0;0;;;;;
1136;COMERCIAL BARCAROLO ;502;SEG/;SUB;0;0;0;0;0;;;;;
1385;SUPERMERCADO DMF    ;502;SEG/;TRAD;0;0;0;0;0;;;;;
2394;M.MERCADO E ACO. ADV;502;SEG/;TRAD;0;0;0;0;0;;;;;
6955;RODA IV             ;502;SEG/;LC;0;0;0;0;0;;;;;
2634;MERCADO SANTO IVO   ;502;TER/;TRAD;0;0;0;0;0;;;;;
4552;MERCADO ECONOMIA    ;502;TER/;TRAD;0;0;0;0;0;;;;;
6202;MERCADO PRIMAVERA   ;502;TER/;TRAD;0;0;0;0;0;;;;;
5930;MERCADO NOVA COLUMBI;502;TER/;TRAD;0;0;0;0;0;;;;;
6113;MINIMERC RINCAO     ;502;TER/;TRAD;0;0;0;0;0;;;;;
2237;SUPER D' AVENIDA    ;502;TER/;TRAD;0;0;0;0;0;;;;;
7163;ZANLUCHI ABASTECEDOR;502;TER/;LC;0;0;0;0;0;;;;;
7110;RODA V              ;502;TER/;LC;0;0;0;0;0;;;;;
7100;RODA VI             ;502;TER/;LC;0;0;0;0;0;;;;;
1923;FRUTEIRA BOTTCHER   ;502;TER/;TRAD;0;0;0;0;0;;;;;
1209;SUPERM LOTTERMANN   ;502;TER/;TRAD;0;0;0;0;0;;;;;
1558;MERCADO MARTINI     ;502;TER/;ASR;0;0;0;0;0;;;;;
1552;ABASTECEDORA ZANDONA;502;TER/;LC;0;0;0;0;0;;;;;
1159;COML BEBIDAS WERNER ;502;TER/;SUB;0;0;0;0;0;;;;;
5865;MERCADO SUPER BOM   ;502;TER/;TRAD;0;0;0;0;0;;;;;
5367;MINIMERCADO AVENIDA ;502;TER/;TRAD;0;0;0;0;0;;;;;
3994;POSTO CHOPPAO       ;502;TER/;LC;0;0;0;0;0;;;;;
1132;MERCADO BOM FIM     ;502;TER/;TRAD;0;0;0;0;0;;;;;
6345;L E VALER           ;502;QUA/;TRAD;0;0;0;0;0;;;;;
2866;DI PIANO CONVENIENCI;502;QUA/;LC;0;0;0;0;0;;;;;
18062;MERCADO POMIDORI    ;502;QUA/;ASR;0;0;0;0;0;;;;;
7007;MULTI SCHINEIDER    ;502;QUA/;ASR;0;0;0;0;0;;;;;
6529;MERCADO DOIS IRMaOS ;502;QUA/;ASR;0;0;0;0;0;;;;;
4645;MEG MERCADO         ;502;QUA/;TRAD;0;0;0;0;0;;;;;
3694;MERCADO ROSTIROLLA  ;502;QUA/;TRAD;0;0;0;0;0;;;;;
6303;SABOR DA TERRA      ;502;QUA/;TRAD;0;0;0;0;0;;;;;
18061;MERCADO SANFELICE   ;502;QUA/;TRAD;0;0;0;0;0;;;;;
4579;MINIMERCADO PICOLI  ;502;QUA/;TRAD;0;0;0;0;0;;;;;
6402;MERCADO PX CERVELIN ;502;QUA/;ASR;0;0;0;0;0;;;;;
18103;FRF ECONOMICO SUPERM;502;QUA/;ASR;0;0;0;0;0;;;;;
6958;POSTO SAO LUIZ      ;502;QUA/;LC;0;0;0;0;0;;;;;
5919;TREM COMBUSTIVEL    ;502;QUA/;LC;0;0;0;0;0;;;;;
18591;MERCADO CAVALINI    ;502;QUA/;TRAD;0;0;0;0;0;;;;;
6605;BAR E ARMAZEM MENDES;502;QUA/;TRAD;0;0;0;0;0;;;;;
5846;POSTO VILA NOVA     ;502;QUI/;LC;0;0;0;0;0;;;;;
2381;MERCADO DARTORA     ;502;QUI/;ASR;0;0;0;0;0;;;;;
1226;CANTA GALLO         ;502;QUI/;ASR;0;0;0;0;0;;;;;
1980;MERCADO ALTO FELIZ  ;502;QUI/;ASR;0;0;0;0;0;;;;;
1219;MERCADO DARCI       ;502;QUI/;TRAD;0;0;0;0;0;;;;;
3697;MINIMERCADO DIDJO   ;502;QUI/;ASR;0;0;0;0;0;;;;;
6531;MERC.CANTO VERDE    ;502;QUI/;TRAD;0;0;0;0;0;;;;;
1548;MERCADO FLACH       ;502;QUI/;TRAD;0;0;0;0;0;;;;;
4854;POSTO REGIS II      ;502;QUI/;LC;0;0;0;0;0;;;;;
6048;MERCADO REUS        ;502;QUI/;TRAD;0;0;0;0;0;;;;;
6331;MERCADO ANDRIOLI    ;502;QUI/;TRAD;0;0;0;0;0;;;;;
5047;POSTO RODOIL        ;502;QUI/;LC;0;0;0;0;0;;;;;
1363;MERC BECKER         ;502;QUI/;TRAD;0;0;0;0;0;;;;;
4334;QUIOSQUE STEAN      ;502;QUI/;TRAD;0;0;0;0;0;;;;;
6045;POSTO FOKUSS        ;502;QUI/;LC;0;0;0;0;0;;;;;
6439;MERCADO DEMAR       ;502;SEX/;TRAD;0;0;0;0;0;;;;;
2648;MERCADO PALUDO      ;502;SEX/;ASR;0;0;0;0;0;;;;;
6375;MERCADO SANTA RITA  ;502;SEX/;TRAD;0;0;0;0;0;;;;;
5649;MERCADO VIVIANE     ;502;SEX/;ASR;0;0;0;0;0;;;;;
18290;MERCADO DALLANHOL   ;502;SEX/;TRAD;0;0;0;0;0;;;;;
5334;MINI MERCADO RV     ;502;SEX/;TRAD;0;0;0;0;0;;;;;
1157;MERCADO JM          ;502;SEX/;TRAD;0;0;0;0;0;;;;;
6737;MERCADO EMPERIO     ;502;SEX/;ASR;0;0;0;0;0;;;;;
6569;MERC DO BRANCO      ;502;SEX/;TRAD;0;0;0;0;0;;;;;
5607;MERCADO CROATA      ;502;SEX/;ASR;0;0;0;0;0;;;;;
7203;MERCADO TUPAN       ;502;SEX/;ASR;0;0;0;0;0;;;;;
5818;SUPERMERCADO BONO   ;502;SEX/;ASR;0;0;0;0;0;;;;;
4124;MERCADO GELVANE     ;502;SEX/;TRAD;0;0;0;0;0;;;;;
30402;MAXI COMPRAS        ;503;SEG/;AS 5+;0;0;0;0;0;;;;;
3198;POSTO BARCA         ;503;SEG/;LC;0;0;0;0;0;;;;;
2880;MERCADO CASABON     ;503;SEG/;TRAD;0;0;0;0;0;;;;;
2703;ARMAZEM FABBRIS     ;503;SEG/;TRAD;0;0;0;0;0;;;;;
2478;MERCADO CEVI        ;503;SEG/;TRAD;0;0;0;0;0;;;;;
30467;POSTO BENTO         ;503;SEG/;LC;0;0;0;0;0;;;;;
6701;REI DO KIT          ;503;SEG/;SUB;0;0;0;0;0;;;;;
30362;MERC.ALIMTS GERE    ;503;SEG/;TRAD;0;0;0;0;0;;;;;
7149;MERCADO OURO VERDE 2;503;SEG/;TRAD;0;0;0;0;0;;;;;
5767;ARMAZÉM 947         ;503;SEG/;TRAD;0;0;0;0;0;;;;;
30780;POSTO MINNEAPOLIS   ;503;SEG/;LC;0;0;0;0;0;;;;;
5688;BAZAR DA VOVO       ;503;SEG/;TRAD;0;0;0;0;0;;;;;
2691;MINIMERCADO DIAS    ;503;SEG/;TRAD;0;0;0;0;0;;;;;
5764;POSTO CAVALLERI     ;503;SEG/;LC;0;0;0;0;0;;;;;
7217;GELATUA DISTRIBUIDOR;503;SEG/;SUB;0;0;0;0;0;;;;;
5643;POSTO CATALUNYA     ;503;SEG/;LC;0;0;0;0;0;;;;;
30855;POSTO SERRA GAUCHA  ;503;SEG/;LC;0;0;0;0;0;;;;;
30881;POSTO MONACO        ;503;SEG/;LC;0;0;0;0;0;;;;;
6160;MERCADO ALVI AZUL   ;503;TER/;TRAD;0;0;0;0;0;;;;;
30454;MERCADO CCF         ;503;TER/;TRAD;0;0;0;0;0;;;;;
6957;MERCADO DA MONTANHA ;503;TER/;TRAD;0;0;0;0;0;;;;;
2909;CAVALLERI FILIAL    ;503;TER/;LC;0;0;0;0;0;;;;;
1162;ARMAZEM BARBIERI    ;503;TER/;TRAD;0;0;0;0;0;;;;;
6289;MERCADO VINHEDOS    ;503;TER/;ASR;0;0;0;0;0;;;;;
6021;MERCADO SAO ROQUE 2 ;503;TER/;ASR;0;0;0;0;0;;;;;
30496;ARMAZEM GHENO       ;503;TER/;ASR;0;0;0;0;0;;;;;
6662;HORTIFRUT DA FAMILIA;503;TER/;TRAD;0;0;0;0;0;;;;;
5650;MERC SOLIGO         ;503;TER/;TRAD;0;0;0;0;0;;;;;
6585;MERCADO JV          ;503;TER/;TRAD;0;0;0;0;0;;;;;
30494;MERCADO VIMAGI      ;503;TER/;ASR;0;0;0;0;0;;;;;
4626;MERCADO VIDEIRAS    ;503;TER/;ASR;0;0;0;0;0;;;;;
1432;CARNES CASAGRANDE   ;503;QUA/;TRAD;0;0;0;0;0;;;;;
5036;VICO EXPRESS        ;503;QUA/;LC;0;0;0;0;0;;;;;
30643;POSTO SAO BENTO     ;503;QUA/;LC;0;0;0;0;0;;;;;
6700;LIGUE BIRA          ;503;QUA/;SUB;0;0;0;0;0;;;;;
20191;POSTO BELLUNO       ;503;QUA/;LC;0;0;0;0;0;;;;;
30285;MINIMERC CAVAGNOLLI ;503;QUA/;TRAD;0;0;0;0;0;;;;;
5882;CRESPANI            ;503;QUA/;ASR;0;0;0;0;0;;;;;
2368;MERCADO MAGRAO      ;503;QUA/;ASR;0;0;0;0;0;;;;;
6536;EXPRESS             ;503;QUA/;ASR;0;0;0;0;0;;;;;
31227;MERC. CASAGRANDE    ;503;QUA/;TRAD;0;0;0;0;0;;;;;
5684;MINIMERCADO DA NATI ;503;QUA/;TRAD;0;0;0;0;0;;;;;
30775;MERC E FRUT BOTAFOGO;503;QUA/;TRAD;0;0;0;0;0;;;;;
3635;MINIMERC DA ARLETE  ;503;QUI/;TRAD;0;0;0;0;0;;;;;
4620;MERCADO TOMAZELLI   ;503;QUI/;TRAD;0;0;0;0;0;;;;;
3731;MERCADO DELOCH      ;503;QUI/;TRAD;0;0;0;0;0;;;;;
5720;MINIMERCADO SANTOS  ;503;QUI/;TRAD;0;0;0;0;0;;;;;
1794;MERCADO PAD DeV     ;503;QUI/;TRAD;0;0;0;0;0;;;;;
6292;SUPERSERRA          ;503;QUI/;TRAD;0;0;0;0;0;;;;;
5597;NOVO SUPER          ;503;QUI/;ASR;0;0;0;0;0;;;;;
6782;MERCADO DO JOAO     ;503;QUI/;TRAD;0;0;0;0;0;;;;;
7229;EMPORIO MORAES      ;503;QUI/;TRAD;0;0;0;0;0;;;;;
6019;MERCADO PENA        ;503;QUI/;TRAD;0;0;0;0;0;;;;;
5862;MINIMERCADO CLELIO  ;503;QUI/;TRAD;0;0;0;0;0;;;;;
6165;MERCADO ARCO ÍRIS   ;503;QUI/;TRAD;0;0;0;0;0;;;;;
6679;MERCADO RONI 1      ;503;QUI/;TRAD;0;0;0;0;0;;;;;
6434;MERCADO VILA NOVA   ;503;QUI/;TRAD;0;0;0;0;0;;;;;
7150;MERCADO OLIVEIRA    ;503;QUI/;TRAD;0;0;0;0;0;;;;;
5826;MERCADO MECCA       ;503;QUI/;TRAD;0;0;0;0;0;;;;;
30364;ARMAZEM QUADRI      ;503;QUI/;TRAD;0;0;0;0;0;;;;;
5557;SUPER IDEAL MERCADO ;503;QUI/;TRAD;0;0;0;0;0;;;;;
7222;MARIA  ERTHAL       ;503;QUI/;TRAD;0;0;0;0;0;;;;;
4223;MERCADO PANIZZI     ;503;SEX/;ASR;0;0;0;0;0;;;;;
31002;MERCADO TICIANI     ;503;SEX/;ASR;0;0;0;0;0;;;;;
2720;MERCADO DA ANA      ;503;SEX/;TRAD;0;0;0;0;0;;;;;
30991;MERCADO BARRACAO    ;503;SEX/;AS 5+;0;0;0;0;0;;;;;
6899;SUPER ECONOMICO     ;503;SEX/;ASR;0;0;0;0;0;;;;;
4733;BARRACAO F3         ;503;SEX/;ASR;0;0;0;0;0;;;;;
2432;MERCADO BOM JESUS   ;503;SEX/;TRAD;0;0;0;0;0;;;;;
4170;MERCADO SUPER BOM   ;503;SEX/;TRAD;0;0;0;0;0;;;;;
6239;MERCADO RENASCER    ;503;SEX/;TRAD;0;0;0;0;0;;;;;
5775;MINI MERC  24 HORAS ;503;SEX/;TRAD;0;0;0;0;0;;;;;
2471;MERCADO KS          ;503;SEX/;TRAD;0;0;0;0;0;;;;;
7096;MERCADO POPULAR     ;503;SEX/;TRAD;0;0;0;0;0;;;;;
4191;MERCADO BERTOLINI   ;503;SEX/;TRAD;0;0;0;0;0;;;;;
2325;MINIMERCAD SAO LUCAS;503;SEX/;TRAD;0;0;0;0;0;;;;;
6226;CAMINHO DE CASA     ;503;SEX/;TRAD;0;0;0;0;0;;;;;
2685;POSTO FOPPA GAMBINO ;503;SEX/;LC;0;0;0;0;0;;;;;
6372;MERCADO SAO RAFAEL  ;503;SEX/;TRAD;0;0;0;0;0;;;;;
90052;SANTO GOLE          ;504;SEG/;LC;0;0;0;0;0;;;;;
4125;RP MERCADOS S LTDA  ;504;SEG/;ASR;0;0;0;0;0;;;;;
2870;MERC KRISTAL LTDA   ;504;SEG/;ASR;0;0;0;0;0;;;;;
20024;MERCADO PORTA       ;504;SEG/;ASR;0;0;0;0;0;;;;;
20026;POINT CONVEN. CAFE  ;504;SEG/;LC;0;0;0;0;0;;;;;
20075;GRAZZIOTIN SUPER    ;504;SEG/;ASR;0;0;0;0;0;;;;;
6116;POSTO SHELL CONVENIE;504;SEG/;LC;0;0;0;0;0;;;;;
6049;Merc e acougue LMA  ;504;SEG/;ASR;0;0;0;0;0;;;;;
20131;STOCK 3             ;504;SEG/;ASR;0;0;0;0;0;;;;;
5687;POSTO ROTA          ;504;SEG/;LC;0;0;0;0;0;;;;;
4589;MERCADO BAVARESCO   ;504;SEG/;ASR;0;0;0;0;0;;;;;
20194;ACOUGUE FANTON      ;504;SEG/;ASR;0;0;0;0;0;;;;;
1686;MERCADO PRESCENDO   ;504;SEG/;ASR;0;0;0;0;0;;;;;
5781;DL MERCADO E ACOUGUE;504;SEG/;ASR;0;0;0;0;0;;;;;
20000;SUPER ZANDAO        ;504;SEG/;ASR;0;0;0;0;0;;;;;
20032;MERCADO BRISTOT     ;504;SEG/;ASR;0;0;0;0;0;;;;;
20211;MERCADO SANTACRUZ   ;504;SEG/;TRAD;0;0;0;0;0;;;;;
90038;JANETE FIORENTIN CER;504;SEG/;ASR;0;0;0;0;0;;;;;
6201;DALLAS CONVENIENCIA ;504;TER/;LC;0;0;0;0;0;;;;;
5709;MERCADO FRUTIMAR    ;504;TER/;ASR;0;0;0;0;0;;;;;
4668;SUPER MERCADO ZECHIN;504;TER/;ASR;2;0;0;2;1;;;;;
4653;SUPER BAVARESCO     ;504;TER/;AS 5+;0;0;0;0;0;;;;;
20040;MERC NOVA ERA       ;504;TER/;ASR;0;0;0;0;0;;;;;
5880;CONVE. POSTO CERTO  ;504;TER/;LC;0;0;0;0;0;;;;;
4667;SUPER MERCARDO ZECHI;504;TER/;ASR;0;0;0;0;0;;;;;
2961;MERCADO PALIOSA     ;504;TER/;ASR;0;0;0;0;0;;;;;
1872;MERCADO D ITALIA    ;504;TER/;ASR;0;0;0;0;0;;;;;
6352;COMPRE BEM          ;504;TER/;ASR;0;0;0;0;0;;;;;
31135;MERCADO SCALCO LTDA ;504;TER/;ASR;0;0;0;0;0;;;;;
3046;SUP. SANTA LUCIA    ;504;TER/;ASR;0;0;0;0;0;;;;;
20329;SUPERMERCADO ZECHIN ;504;TER/;ASR;0;0;0;0;0;;;;;
20048;SUPERMERCADO BES    ;504;TER/;ASR;0;0;0;0;0;;;;;
20042;SUPER BAVARESCO     ;504;TER/;ASR;0;0;0;0;0;;;;;
4669;SUPER MERC ZECHIN   ;504;TER/;ASR;0;0;0;0;0;;;;;
2089;PHM DISTRIBUIDORA   ;504;TER/;SUB;0;0;0;0;0;;;;;
2268;FRASSUL VALVERDE    ;504;QUA/;ASR;0;0;0;0;0;;;;;
4937;XITAO MINIMERCADO   ;504;QUA/;ASR;0;0;0;0;0;;;;;
4772;CONVENIENCIA TYCHELE;504;QUA/;LC;0;0;0;0;0;;;;;
2711;SUPER MASCARON      ;504;QUA/;ASR;0;0;0;0;0;;;;;
6334;LV MERCADO LTDA     ;504;QUA/;ASR;0;0;0;0;0;;;;;
4965;VERANENSE VILA FLORE;504;QUA/;ASR;0;0;0;0;0;;;;;
1787;FRASSUL PALUGANA    ;504;QUA/;AS 5+;0;0;0;0;0;;;;;
20045;SUPERMERCADO FRASSUL;504;QUA/;AS 5+;0;0;0;0;0;;;;;
5080;BEBIDAS FRATTA      ;504;QUA/;SUB;0;0;0;0;0;;;;;
4586;ARMAZEM MEDIANEIRA  ;504;QUA/;TRAD;0;0;0;0;0;;;;;
6528;LUMAR SUPERMERCADO  ;504;QUA/;ASR;0;0;0;0;0;;;;;
6013;MERCADO TREVISAN    ;504;QUA/;ASR;0;0;0;0;0;;;;;
1981;FRASSUL MEDIANEIRA  ;504;QUA/;AS 5+;0;0;0;0;0;;;;;
1871;SUL BRASIL BEBIDAS  ;504;QUA/;SUB;0;0;0;0;0;;;;;
20054;FRASSUL EPITACIO    ;504;QUA/;ASR;0;0;0;0;0;;;;;
5710;MINI MERCADO ZANDONA;504;QUA/;ASR;0;0;0;0;0;;;;;
20001;MERCADO DONNA       ;504;QUI/;ASR;0;0;0;0;0;;;;;
5429;FARINA SUPERMERCADO ;504;QUI/;ASR;0;0;0;0;0;;;;;
4049;ABASTECED POR DO SOL;504;QUI/;LC;0;0;0;0;0;;;;;
20173;JR MERCADO          ;504;QUI/;ASR;0;0;0;0;0;;;;;
20013;MERC SAO PELEGRINO  ;504;QUI/;ASR;0;0;0;0;0;;;;;
4062;POSTO ROTA 470      ;504;QUI/;LC;0;0;0;0;0;;;;;
2732;MERCADO DOBIM       ;504;QUI/;ASR;0;0;0;0;0;;;;;
4600;MERCADO CARAVAGGIO  ;504;QUI/;ASR;0;0;0;0;0;;;;;
20016;MERCADO MARCON      ;504;QUI/;ASR;0;0;0;0;0;;;;;
6355;SUPERMERCADO BASALTO;504;QUI/;ASR;0;0;0;0;0;;;;;
20320;MERCADO TEDESCO     ;504;QUI/;ASR;0;0;0;0;0;;;;;
20014;SUPERMERCADO VIVVAN ;504;QUI/;ASR;0;0;0;0;0;;;;;
6746;SUPER PORTAPRATA 2  ;504;QUI/;ASR;0;0;0;0;0;;;;;
20010;SUPERMERCADO PORTA  ;504;QUI/;AS 5+;0;0;0;0;0;;;;;
20023;MERCADO PORTA       ;504;QUI/;ASR;0;0;0;0;0;;;;;
20022;MERCADO FOCHESATTO  ;504;SEX/;TRAD;0;0;0;0;0;;;;;
6399;ABAST. PORTA        ;504;SEX/;LC;0;0;0;0;0;;;;;
2211;RIOSUL COM. BEBIDAS ;504;SEX/;SUB;0;0;0;0;0;;;;;
5400;BEBIDAS FRATTA      ;504;SEX/;LC;0;0;0;0;0;;;;;
20069;COM. BEB. PRESCENDO ;504;SEX/;SUB;0;0;0;0;0;;;;;
6437;PRESCENDO BEBIDAS   ;504;SEX/;SUB;0;0;0;0;0;;;;;
20003;SUPER CASSOL        ;504;SEX/;ASR;0;0;0;0;0;;;;;
20307;SUPERMERCAD LORENCET;504;SEX/;ASR;0;0;0;0;0;;;;;
4614;COM DE BEB DALLAGNOL;504;SEX/;SUB;4;0;0;4;1;;;;;
7088;ON SUPERMERCADOS    ;504;SEX/;ASR;0;0;0;0;0;;;;;
2611;MERCADO DAL POZZO   ;504;SEX/;ASR;0;0;0;0;0;;;;;
20091;MERCADO PIGOZZO     ;504;SEX/;ASR;0;0;0;0;0;;;;;
20180;STOK 3              ;504;SEX/;ASR;0;0;0;0;0;;;;;
20239;CEREAIS VIVAM LTDA  ;504;SEX/;ASR;0;0;0;0;0;;;;;
6258;LC MINI MERCADO     ;504;SEX/;ASR;0;0;0;0;0;;;;;
1259;SUPERM SELBACH      ;505;SEG/;ASR;0;0;0;0;0;;;;;
1694;SUPER OPCAO         ;505;SEG/;AS 5+;0;0;0;0;0;;;;;
1198;SUPERMERCADO LEDUR  ;505;SEG/;AS 5+;0;0;0;0;0;;;;;
1274;CASA DE CARNES RUDI ;505;SEG/;ASR;0;0;0;0;0;;;;;
1173;SUPERMERCADO SELBACH;505;SEG/;AS 5+;0;0;0;0;0;;;;;
6558;VIAECONOM ATACADISTA;505;TER/;AS 5+;0;0;0;0;0;;;;;
3853;MERCADO LAZZARI F1  ;505;TER/;ASR;0;0;0;0;0;;;;;
6353;REDE POLO -BIER VALE;505;TER/;ASR;0;0;0;0;0;;;;;
6719;VIAECONOM ATACADISTA;505;TER/;ASR;0;0;0;0;0;;;;;
5383;MERCADO LAZZARI F2  ;505;TER/;AS 5+;0;0;0;0;0;;;;;
18409;MERCADO LAZZARI     ;505;TER/;AS 5+;0;0;0;0;0;;;;;
6498;REDE POLO           ;505;TER/;ASR;0;0;0;0;0;;;;;
3305;SUPERM GREPAR GLORIA;505;QUA/;AS 5+;0;0;0;0;0;;;;;
30426;SUPERM. GREPAR O.A. ;505;QUA/;AS 5+;0;0;0;0;0;;;;;
5823;CAITA SUPERMERCADO  ;505;QUA/;AS 5+;0;0;0;0;0;;;;;
3381;MERCADO BARRACAO    ;505;QUA/;ASR;0;0;0;0;0;;;;;
6342;GREPAR SAO ROQUE    ;505;QUA/;AS 5+;0;0;0;0;0;;;;;
30442;SUPERM. GREPAR PROG.;505;QUA/;AS 5+;0;0;0;0;0;;;;;
2901;SUPERM GREPAR CENTRO;505;QUA/;ASR;0;0;0;0;0;;;;;
6376;GREPAR BOTAFOGO     ;505;QUA/;ASR;0;0;0;0;0;;;;;
30804;MERCADO DEMA        ;505;QUI/;ASR;0;0;0;0;0;;;;;
30214;MERCADO NICHETTI    ;505;QUI/;ASR;0;0;0;0;0;;;;;
5222;ORTAFRUTTI          ;505;QUI/;AS 5+;0;0;0;0;0;;;;;
1897;MERCADO NICHETTI    ;505;QUI/;ASR;0;0;0;0;0;;;;;
1877;MERCADO RIZZARDO    ;505;QUI/;AS 5+;0;0;0;0;0;;;;;
31020;FRUTEIRA SAO ROQUE  ;505;QUI/;AS 5+;0;0;0;0;0;;;;;
4625;MERC BALDISSEROTTO  ;505;QUI/;ASR;0;0;0;0;0;;;;;
30810;GAMA BEBIDAS        ;505;QUI/;SUB;0;0;0;0;0;;;;;
30937;BEBIDAS CAINELLI    ;505;QUI/;SUB;0;0;0;0;0;;;;;
2138;MERCADO RAZZERA     ;505;SEX/;ASR;0;0;0;0;0;;;;;
3412;SUPERMERCADO CRIPPA ;505;SEX/;AS 5+;0;8;0;8;1;;;;;
5692;BANCA RIO DAS ANTAS ;505;SEX/;ASR;0;0;0;0;0;;;;;
18132;MERCADO FARROUPILHA ;505;SEX/;ASR;0;0;0;0;0;;;;;
4249;MERCADO MINIPREÇO   ;505;SEX/;ASR;0;0;0;0;0;;;;;
3183;SUPERMERCADO UNIAO  ;505;SEX/;ASR;0;0;0;0;0;;;;;
